year,USC00011725,USC00018517,USC00021282,USC00022140,USC00030240,USC00030664,USC00030764,USC00032540,USC00033821,USC00035200,USC00041700,USC00042319,USC00044500,USC00046399,USC00048135,USC00050214,USC00051564,USC00051741,USC00051959,USC00057460,USC00057656,USC00080478,USC00091982,USC00098535,USC00101636,USC00103297,USC00106388,USC00112687,USC00114108,USC00116661,USC00127482,USC00128698,USC00134381,USC00136566,USC00137979,USC00141003,USC00142432,USC00143037,USC00144559,USC00145335,USC00147796,USC00148259,USC00154955,USC00167932,USC00200417,USC00201675,USC00207277,USC00208800,USC00210939,USC00217502,USC00228556,USC00238603,USC00238725,USC00241088,USC00244538,USC00249240,USC00249900,USC00251415,USC00252715,USC00253810,USC00255310,USC00258745,USC00259325,USC00290915,USC00291252,USC00307780,USC00309292,USC00316256,USC00317924,USC00325479,USC00331536,USC00338951,USC00340184,USC00340755,USC00353356,USC00356784,USC00357641,USC00363321,USC00366681,USC00366927,USC00393452,USC00394254,USC00396170,USC00410394,USC00411800,USC00413828,USC00415954,USC00417215,USC00418646,USC00422253,USC00429346,USC00429595,USC00457180,USC00458034,USC00464200,USC00471897,USC00472869,USC00473058,USC00474195,USC00478171,USW00003822,USW00014838,USW00014898,USW00023272,USW00024057,USW00024130,USW00024139,USW00093010,USW00093985,USW00094725
1859,,,,,,,,,,,,,,,,,,,,,,,,,,,,,,,,,,,,,,,,,,,,,,,,,,,,,,,,,,,,,,,,,,,,,,,,,,,,,,,,,,,,,,,,,,,,,,,,,,,,,,66.5,,,,,,,,
1860,,,,,,,,,,,,,,,,,,,,,,,,,,,,,,,,,,,,,,,50.8,,,,,,,,,,,,,,,,,,,,,,,,,,,,,,,,,,,,,,,,,,,,,,,,,,,,,,,,,,,,,,,32.0,,,,,,,,
1861,,,,,,,,,,,,,,,,,,,,,,,,,,,,,,,,,,,,,,,101.1,,,,,,,,,,,,,,,,,,,,,,,,,,,,,,,,,,,,,,,,,,,,,,,,,,,,,,,,,,,,,,,50.8,,,,,,,,
1862,,,,,,,,,,,,,,,,,,,,,,,,,,,,,,,,,,,,,,,,,,,,,,,,,,,,,,,,,,,,,,,,,,,,,,,,,,,,,,,,,,,,,,,,,,,,,,,,,,,,,,48.3,,,,,,,,
1863,,,,,,,,,,,,,,,,,,,,,,,,,,,,,,,,,,,,,,,76.2,,,,,,,,,,,,,,,,,,,,,,,,,,,,,,,,,,,,,,,,,,,,,,,,,,,,,,,,,,,,,,,,,,,,,,,
1868,,,,,,,,,,,,,,,,,,,,,,,,,,,,,,,,,,,,,,,73.7,,,,,,,,,,,,,,,,,,,,,,,,,,,,,,,,,,,,,,,,,,,,,,,,,,,,,,,,,,,,,,,,,,,,,,,
1869,,,,,,,,,,,,,,,,,,,,,,,,,,,,,,,,,,,,,,,63.2,,,,,,,,,,,,,,,,,,,,,,,,,,,,,,,,,,,,,,,,,,,,,,,,,,,,,,,,,,,,,,,,,,,,,,,
1870,,,,,,,,,,,,,,,,,,,,,,,,,,,,,,,,,,,,,,,76.5,,,,,,,,,,,,,,,,,,,,,,,,,,,,,,,,,,,,,,,,,,,,,,,,,,,,,,,,,,,,,,,,,,,,,,,
1871,,,,,,,,,,,,,,,,,,,,,,,,,,,,,,,,,,,,,,,57.2,,,,,,,,,,,,,,,,,,,,,,,,,,,,,,,,,,,,,,,,,,,,,,,,,,,,,,,,,,,,,,,,,,,,,,,
1872,,,,,,,,,,,,,,,,,,,,,,,,,,,,,,,,,,,,,,,54.6,,,,,,,,,,,,,,,,,,,,,,,,,,,,,,,,,,,,,,,,,,,,,,,,,,,,,,,,,,,,,,,58.4,,,,,,,,
1873,,,,,,,,,,,,,,,,,,,,,,,,,,,,,,,,,,,,,,,57.2,,,,,,,,,,,,,,,,,,,,,,,,,,,,,,,,,,,,,,,,,,,,,,,,,,,,,,,,,,,,,,,104.9,,,,,,,,
1874,,,,,,,,,,,,,,,,,,,,,,,,,,,,,,,,,,,,,,,63.5,,,,,,,,,,,,,,,,,,,,,,,,,,,,,,,,,,,,,,,,,,,,,,,,,,,,,,,,,,,,,,,36.8,,,,,,,,
1875,,,,,,,,,,,,,,,,,,,,,,,,,,,,,,,,,,,,,,,50.8,,,,,,,,,,,,,,,,,,,,,,,,,,,,,,,,,,,,,,,,,,,,,,,,,,,,,,,,,,,,,,,72.4,,,,,,,,
1876,,,,,,,,,,,,,,,,,,,,,,,,,,,,,,,,,,,,,,,101.6,,,,,,,,,,,,,,,,,,,,,,,,,,,,,,,,,,,,,,,,,,,,,,,,,,,,,,,,,,,,,,,44.5,,,,,,,,
1877,,,,,,,,,,,,,,,,,,,,,,,,,,,,,,,,,,,,,,,49.5,,,,,,,,,,,,,,,,,,,,,,,,,,,,,,,,,,,,,,,,,,,,,,,,,,,,,,,,,,,,,,,,,,,,,,,
1878,,,,,,,,,,,,,,,,,,,,,,,,,,,,,,,,,,,,,,,66.0,,,,,,,,,,,,,,,,,,,,,,,,,,,,,,,,,,,,,,,,,,,,,,,,,,,,,,,,,,,,,,,,,,,,,,,
1879,,,,,,,,,,,,,,,,,,,,,,,,,,,,,,,,,,,,,,,66.8,,,,,,,,,,,,,,,,,,,,,,,,,,,,,,,,,,,,,,,,,,,,,,,,,,,,,,,,,,,,,,,,,,,,,,,
1880,,,,,,,,,,,,,,,,,,,,,,,,,,,,,,,,,,,,,,,83.8,,,,,,,,,,,,,,,,,,,,,,,,,,,,,,,,,,,,,,,,,,,,,,,,,,,,,,,,,,,,,,,,,,,,,,,
1881,,,,,,,,,,,,,,,,,,,,,,,,,,,,,,,,,,,,,,,67.3,,,,,,,,,,,,,,,,,,,,,,,,,,,,,,,,,,,,,,,,,,,,,,,,,,,,,,,,,,,,,,,,,,,,,,,
1882,,,,,,,,,,,,,,,,,,,,,,,,,,,,,,,,,,,,,,,,,,,,,,,,,,,,,,,,,,,,,,,,,,,,,,,,,,,,,,,,,,,,,,,,,,,,,,,,,,,,,,58.9,,,,,,,,
1883,,,,,,,,,,,,,,,,,,,,,,,,,,,,,,,,,,,,,,,,,,,,,,,,,,,,,,,,,,,,,,,,,,,,,,,,,,,,,,,,,,,,,,,,,,,,,,,,,,,,,,32.5,,,,,,,,
1884,,,,,,,,,,,,,,,,,,,,,,,,,,,,,,,,,,,,,,,,,,,,,,,,,,,,,,,,,,,,,,,,,,,,,,,,,,,,,,,,,,,,,,,,,,,,,,,,,,,,,,66.0,,,,,,,,
1885,,,,,,,,,,,,,,,,,,,,,,,,,,,,,,,,,,,,,,,,,,,,,,,,,,,,,,,,,,,,,,,,,,,,,,,,,,,,,,,,,,,,,,,,,,,,,,,,,,,,,,38.4,,,,,,,,
1886,,,,,,,,,,,,,,,,,,,,,,,,,,,,,,,,,,,,,,,,,,,,,,,,,,,,,,,,,,,,,,,,,,,,,,,,,,,,,,,,,,,,,,,,,,,,,,,,,,,,,,54.9,,,,,,,,
1887,,,,,,,,,,,,,,,,,,,,,,,,,,,,,,,,,,,,,,,,,,,,,,,,,,,,,,,,,,,,,,,,,,,,,,,,,,,,,,,,,,,,,,,,,,,,,,,,,,,,,,55.6,54.9,,,,,,,
1888,,,,,,,,,,,,,,,,,,,,,,,,,,,,,,,,,,,,,,,,,,,,,,,,,,,,,,,,,,,,,,,,,,,,,,,,,,,,,,,,,,,,,,,,,,,,,,,,,,,,,,40.1,90.4,,,,,,,
1889,,,,,,,,,,,,,,,,,,,,,,,,,,,,,,,,,,,,,,,,,,,,,,,,,,,,,,,,,,,,,,,,,,,,,,,,,,,,,,,,,,,,,,,,,,,,,,,,,,,,,,41.4,62.2,,,,,,,
1890,,,,,,,,,,,,,,,,,,,,,,,,,,,,,,,,,,,,,,,,,,,,,,,,,,,,,,,,,,,,,,,,,,,,,,,,,,,,,,,,,,,,,,,,,,,,,,,,,,,,,,58.9,45.5,,,,,,,
1891,,,,,,,,,,,,,,,,,,,,,,,,,,,,,,,,,,,,,,,,,,,,,,,,,,,,,,,,,,,,,,,,,,,,,,,,,,,,,,,,,,,,,,,,,,,,,,,,,,,,,,52.8,49.3,,,,,,,
1892,,,,,,,,,,,,,,,,,,,,,,67.6,,,,,,,,,,,67.1,,,,,,,,,,,,,,,,,,,,,,,,,,,,,,,,,,,,,,,,,,,,,,,,,,,,,,,,,,,,,,,,,,,,,38.9,38.4,,,,,,,
1893,,,,,,,,,,,,,,,,,25.4,29.0,,,,83.8,,66.0,,,,50.8,,,,,54.4,,52.1,,,,,,53.3,,,,,,,,,,,,80.3,,,,,,,,,,,,,,90.4,,,,,,,,,,,,,,,,,,,,,,,,,,21.8,,,,,,,43.2,,,46.2,,,,,,,
1894,,,,,,,,,,,,,,,,,,26.2,,,,227.3,67.8,113.3,,,,,,,,,48.3,,,,,,,,,,,,,,,,,,,,47.8,,,,,,,,,,,,,,85.6,,,,,,,,,,,,,90.4,,,,,,,,,,,,,26.2,,,,,,,28.4,,,87.1,,,,,,,
1895,,,,,,,,,,,,,,,,,,24.1,,,,55.9,129.0,61.2,,,,55.9,56.1,,,,43.9,,,,,,108.5,,,,,,,,,,,,,91.4,79.8,,,,,,,,81.8,,61.0,,,,90.2,,,,,,,,,,,,,,,,,,,,,,,,,,25.4,,,,,,,38.6,,,26.2,,,,,,,
1896,,,,,,,,,,,,,,,,,,18.0,,,,40.1,169.7,132.1,,,,53.3,63.0,,,,74.7,,,,,,60.7,,,,,,,,,,,,,,45.7,,,,,,,,66.0,,54.4,,,,96.5,,,,,,,,,,,,,,,,,,,,,,,,,,23.6,,,,,,,54.6,,,51.3,,,,,,,
1897,,,,,,,,,,,,,,,,,50.8,19.1,,,,111.3,127.5,82.3,,,,63.5,50.3,,,,82.6,,,,,,35.1,,,,,,,50.8,,,,,,,122.9,,,,,,,,57.2,,74.9,,,,94.0,,,,,,,,,,,,,,,,,,,,,,,,,,44.7,,,,,,,59.2,,,77.7,,,,,,,
1898,,,,,,,,,,,,,,,,,41.9,20.3,,,,67.1,129.5,102.9,,,,115.6,50.0,,,,73.4,,,,,,75.7,,,,,,,42.2,,,,,,,53.8,,,,,,,,57.2,,45.7,,,,71.1,,,,,,,,,,,,,,,,,,,,,,,,,,22.4,,,,,,,40.1,,,38.1,,,,,,,
1899,,,,,,,,,,,,,,,,,61.0,,,,,82.3,86.4,94.0,,,,37.6,92.2,,,,73.2,,105.4,,,,54.9,,,,,,,35.6,,,,,,,56.4,,,,,41.4,,,50.0,,66.0,,,,50.8,,,,,,,,,,,,,,,,,,,,,,,,,30.5,33.3,,,,,,,45.7,,,41.1,,,,,,,
1900,,,,,,,,,,,,,,,,,96.5,14.0,,21.1,,70.1,76.2,92.2,,,,104.1,48.0,,,,62.0,,95.0,,48.3,,59.7,,,,,,,59.7,,38.1,,,,,52.1,,,,,36.1,,,44.5,,38.1,,,62.7,,,,,,,,,,,,,,,,,,,,,,,,,,,29.0,,,,,,,63.5,,,47.2,,,,,,,
1901,,,,,,,,,,,,,,,,,51.3,28.4,,,,64.8,157.5,70.9,,,,47.5,76.7,,,,80.5,38.1,76.2,,34.3,,63.0,,,,,,,134.6,,39.9,,,,,57.7,,,,,177.8,,,73.7,,68.6,,,50.3,,,,,,,,,,,,,,,,,,,,,,,,,,,41.7,,,,,,,55.9,,,39.1,,,,,,,
1902,,,,,,,,,,,,,101.6,,,,71.6,23.6,,,,91.2,76.5,67.3,,,,53.3,88.9,,,,52.8,78.7,78.0,,61.0,,97.8,,,,,,,50.8,,39.1,,,,,49.8,,,,,52.6,,,83.8,,44.5,,,31.8,,,,,,,,,,,,,,,,,,,,,,,,,,,42.4,,,,,,,37.8,,,49.5,,,,,,,
1903,,,,,,,,,,,,,159.0,,,,38.9,27.4,,,,155.2,96.5,79.2,,,,,66.0,,,,59.9,57.2,67.6,,50.8,,58.2,,,,,,,83.8,,37.6,,,,,56.4,,,,,77.0,,,63.5,,76.2,,,53.3,,,,,,,,,,,,,,,,,,,,,,,,,,30.5,19.8,,,,,,,51.1,,,47.5,,,,,,,
1904,,,,,,,,,,,,,220.0,,,,50.8,17.0,,,,81.5,50.8,45.5,,,,,85.1,,86.4,,76.5,54.6,47.0,,55.9,,,,,,,,,31.8,,37.6,,,,43.7,59.4,,,,,43.7,,,35.8,,79.2,,,40.6,,,,,,,,,,,,,,,,,,,,,,,,,,21.6,30.2,,,,,,,53.1,,,44.2,,,,,,,
1905,,,,,,,,,,,,,61.5,,,,50.8,24.4,,,77.2,112.0,143.5,72.4,,,26.4,,165.9,,103.1,,118.9,66.8,53.3,,53.3,,,,,,,,,64.5,,25.4,,,,139.7,149.9,,,,,80.0,,,82.6,,75.4,,,55.1,,,,,,,,,,,,,,,,,,,,,,,,,,50.8,30.7,,,,,,,75.4,,,31.2,,,,,,,
1906,,,,,,,,,,,,,105.7,94.5,,,56.6,41.1,,,50.8,69.1,113.0,155.2,,,24.1,,50.8,,50.8,,51.8,32.5,,,,,,,,,,,,63.5,38.1,15.2,,,,76.2,74.9,,,,,,,,25.4,,76.2,,,49.0,,,,,,,,,,,,,,,,,,,,,,,,22.9,,,40.6,,,,,,,53.3,,,69.9,,,,,,,
1907,,,,,,,,,,,,,79.8,138.7,,,65.5,18.0,,,38.1,71.9,62.2,80.0,,,25.9,,68.6,,69.9,,87.9,97.5,39.1,,,,,,,,,,,78.2,25.4,20.3,,,,106.7,51.8,,,,,,,,66.0,,22.9,,,39.4,121.9,,,,,,,,,,,,,,,,,,71.1,,,,,14.0,,55.9,61.5,,,,,,,27.9,,,59.9,,,,,,,
1908,,,,,,,,,,,,,70.1,70.6,,,115.1,39.4,,,48.3,78.7,115.3,257.8,,,41.4,,47.8,,47.2,,61.2,72.1,80.0,,,,,,,,,,,58.4,25.4,25.4,,,,41.9,50.8,,,,,52.6,,,63.5,,54.6,,,27.2,,,,,,,,,,,,,,,,,,,93.0,,,,,17.8,,,30.5,,,,,,,52.8,,,20.6,,,,,,,
1909,,,,,,,,,,,,,120.7,123.7,,,55.9,32.5,,,50.8,117.3,124.5,,,,36.8,,71.1,,80.8,,63.5,152.4,43.4,,,,183.6,,,,,,,57.9,40.6,50.8,,,,,77.2,,,,,63.8,,,108.0,,,,,38.1,,,,,,,,,,,,,,,45.7,,,,,,,,,42.9,,,27.2,,,,,,33.0,48.3,,,36.3,,,,,,,
1910,,,,,,,,,,,36.3,,,104.1,,,39.4,19.8,20.3,,63.5,138.9,72.4,63.5,,,30.7,,63.5,,54.1,,74.7,45.7,21.3,,,,86.6,,,,,,,41.9,50.8,,,,,,64.5,,,,,33.3,,,30.5,,,,,33.0,,,,,,,,,,,,,,,,,,,,,,,,15.2,,,27.9,,,,,,53.6,50.8,,,67.8,,,,,,,
1911,,,,,,,,71.1,,,68.6,,111.8,105.9,,,54.6,27.9,41.1,,102.9,47.2,114.3,61.5,,,,77.2,61.0,,63.5,,67.1,57.9,48.3,,,,53.8,,,,,,,45.0,57.2,35.6,,,,,80.0,,,,,59.7,,,27.9,,,,,52.1,,,,,,,,,,,,,,,,,,,,,,,,12.7,,,14.7,,,,,,50.8,54.6,,,41.7,,,,,,,
1912,,,,,,,,87.6,,,47.0,,106.4,58.2,,,33.5,32.0,27.9,,27.9,87.4,109.5,90.2,,,,47.0,34.3,,73.7,,53.3,59.2,61.7,,40.1,,65.0,,,,,,,44.5,36.1,32.5,,,,,62.7,,,,,51.3,,,35.1,,,,,38.1,53.3,,,,,,,,,,,,,,,,,63.0,,,,,,25.4,,,20.6,,,,,,125.0,,,,111.5,,,,,,,
1913,,,,,,,,101.6,,,71.1,,123.2,229.9,,,25.4,22.6,31.0,,48.3,54.6,84.3,74.7,,,42.4,51.6,88.9,37.1,54.9,,47.0,48.5,47.8,,32.0,,127.0,,,,,,,35.6,42.4,45.7,,,,,68.8,,,,,39.4,,,,,,,,59.7,,,,,,,,,,,,,,,,,,48.8,,,,,,16.5,,,20.3,,,,,,33.8,76.2,,,46.5,,,,,,,
1914,,,,,,,,195.6,,,45.7,,94.5,207.0,,,66.0,50.0,38.1,,47.0,138.2,127.0,50.8,,,20.3,40.6,55.9,41.4,30.5,,49.0,36.8,89.9,,74.7,,139.2,,,,,,,47.0,43.7,30.5,,,,,38.4,,,,,35.8,,,75.2,,,,,110.5,41.1,,,98.0,,,,88.4,,,,,,,,,,136.4,85.9,,,,,11.4,,,19.1,,,,,,54.9,76.2,,,91.7,,,,,,,
1915,,,,,,,,74.9,,,50.8,,107.2,86.4,,,55.9,18.5,36.3,,36.6,130.8,120.7,62.2,,19.6,23.4,107.7,139.4,47.8,38.4,,95.8,64.5,58.9,,36.8,,96.0,,,,,,,56.9,65.3,39.4,,,,,76.2,,,,,50.8,,,58.9,,,,,72.9,,,,73.7,,,,97.8,,,,,,88.1,,,,91.9,66.8,,,,,22.1,,,32.5,,,,,,31.0,40.6,,,31.8,,,,,,,
1916,,,,,,,,103.9,,,88.9,,98.8,148.6,,,38.1,41.9,24.6,,41.7,57.7,133.4,150.9,,15.5,30.5,70.4,57.2,66.0,79.0,,44.2,42.4,43.4,,36.6,,76.5,,,,,,,80.0,40.4,45.7,,,,,61.0,,,,,53.3,,,40.1,,,,,40.1,,,,29.7,,,,160.0,,,,,,49.5,,,,53.8,94.7,,,,,22.9,,19.1,22.4,,34.8,,,,38.1,55.9,,,40.6,,,,,,,
1917,,,,,,,,74.9,,,,,,,,,40.6,42.4,22.6,,27.9,134.1,77.5,60.2,,26.2,35.3,87.4,51.3,48.0,,,88.1,71.1,54.6,,30.7,,100.1,,,,,,,66.0,32.0,48.3,,,,,41.9,,,,,,,,41.1,42.2,,,,33.8,47.8,,47.8,22.9,,,,69.6,,,,,,57.2,,,,25.4,45.2,,,,,18.8,,,19.8,,45.7,,,,48.5,45.7,,,24.4,,,,,,,
1918,,,,,,,,,,,,,,,,,58.4,33.0,50.8,,38.1,75.7,127.0,50.8,,29.7,28.4,81.3,54.9,48.5,,,62.7,55.6,45.0,,92.7,,82.6,,,,,,,35.6,25.9,57.4,,,,,109.7,,,,,,,,47.0,31.2,,,,41.7,44.5,,68.8,27.9,,,,66.3,,,,,,41.4,,,,43.2,111.3,,,,,22.9,,,13.2,,64.8,,,,41.7,63.0,,,50.3,,,,,,,
1919,,,,,,,,,,,,,,,,,53.3,29.2,,,53.3,100.3,76.2,140.5,,10.2,34.0,83.8,77.2,70.9,,,41.4,72.6,66.0,,53.3,,38.1,,,,,,,68.6,40.1,52.1,,,,,82.6,,,,,,,,33.0,46.5,,,,54.6,61.0,,85.6,29.7,,,,133.4,,,,,,75.4,,,,57.2,80.5,,,,,18.0,,,33.0,,55.9,,,,40.9,89.4,,,64.0,,,,,,,
1920,,,,,,,,,,,,,,,,,68.6,19.1,25.4,,41.4,83.3,99.1,57.2,,15.5,30.0,53.3,61.0,52.3,,,40.4,54.6,55.9,,35.6,,175.8,,,,,,,55.9,31.8,32.5,,,,,62.2,,,,,,,,55.9,45.7,,,,58.4,86.4,,,27.9,71.6,,,72.9,,,,,,45.7,,,,85.1,102.9,,,,,27.4,,,21.6,,38.6,,,,50.8,47.5,,,65.8,,,,,,,
1921,,,,,,,,,,,85.9,,,,,,94.7,27.9,27.9,,32.5,105.4,,74.4,,30.5,34.3,47.5,52.8,50.8,,,81.0,81.8,29.0,,103.1,,134.6,,,,,,,57.2,64.8,47.5,,,,,50.8,,,,,,,,,65.0,,,,31.0,63.5,,61.5,50.3,85.1,,,44.5,,,,,,40.4,,,,,50.3,,,,,21.6,,,51.6,,47.0,,,,,53.6,,,67.3,61.0,,,,,,
1922,,,,,,,,,,,,,,,,,41.9,24.9,43.2,,24.4,80.5,88.9,57.2,,16.3,33.3,83.8,81.0,50.8,,,62.5,54.4,35.8,,27.9,,51.3,,,,,,,39.4,45.5,68.6,,,,,72.4,,,,,,,,49.5,57.7,,,,50.8,86.4,58.4,61.5,39.1,108.0,,,97.5,,,,,,43.7,,,,,139.7,,,,,23.1,,,12.7,,50.8,,,,,79.2,,,94.0,51.8,,,,,,
1923,,,,,,,,,,,,,,,,,47.0,20.3,33.8,,31.8,91.9,72.4,58.9,,23.9,35.3,65.8,94.7,92.7,,,29.0,54.1,50.5,,155.4,,76.2,,,,,,,61.0,58.4,51.6,,,,,69.9,,,,,,,,44.7,178.6,,,,53.3,58.4,81.3,,33.0,53.3,,,88.1,,,,,,61.7,132.3,,,66.3,57.9,,,,,22.6,,,45.7,,46.2,,,,,40.9,,,27.7,51.6,,,,,,
1924,,,,,,,,,,,,,106.2,45.7,,,26.7,36.6,15.2,,33.0,83.8,180.3,53.3,,19.8,25.7,56.4,47.0,56.6,,,70.4,43.4,60.5,,40.6,,71.9,,,,,,,40.6,50.8,46.7,,,,,50.8,,,,,,,,34.5,87.9,,,,73.7,139.7,50.8,,51.6,43.2,,,57.2,,,,,,81.0,35.6,,,86.4,81.0,,,,,29.5,,38.1,17.0,56.6,66.0,,,,,58.9,,,37.8,72.4,,,,,,
1925,,,,,,,,,,,39.4,,,,,,86.4,22.9,42.2,,53.3,75.7,71.6,50.8,,48.8,21.3,62.2,58.7,50.8,57.7,,69.1,65.0,20.1,,69.9,,32.5,,,,,,50.8,50.8,42.2,47.0,,,,,68.3,,,,,38.1,,,63.0,44.7,,,,53.8,44.2,,,77.2,59.4,,,,,,,,,48.8,,,,54.6,68.6,,,,,25.4,,19.8,37.1,49.5,55.9,,,,,61.0,,,40.4,38.9,,,,,,
1926,,,,,,,,,,,67.1,,132.6,97.8,,,38.1,21.6,30.5,,35.6,94.5,86.4,52.1,,20.1,30.0,55.9,63.0,61.5,,,70.6,192.3,55.4,,35.6,,45.5,,,,,,50.8,43.2,23.6,56.1,,,,,47.0,,,,,80.5,,,57.9,67.6,,,,52.1,44.5,,,24.9,49.5,,,,,,,,,51.6,55.1,,,58.9,52.6,,,,,15.2,,16.5,26.4,64.0,47.0,,,,80.5,82.3,,,32.3,60.5,,,,,,
1927,,,,,,,,,,,57.7,,84.3,90.7,,,32.0,38.6,33.0,,50.8,104.6,67.1,57.2,,13.2,36.1,59.7,74.4,49.0,,,63.8,36.6,27.7,,63.5,,53.3,,,,,,28.2,76.2,24.1,48.3,,,,,83.6,,,,,64.8,,,48.8,48.5,51.3,,,43.9,105.2,63.0,,47.8,48.3,,,,,,,,,125.2,31.5,,,52.3,95.3,,,,,31.2,,17.0,34.0,90.7,50.8,,,,,89.7,,,35.8,37.1,,,,,,
1928,,,,,,,,,,,61.0,,122.7,81.8,,,36.6,26.4,25.4,,30.5,78.7,154.9,91.4,,15.5,18.8,116.8,79.0,72.4,38.6,,69.6,66.0,47.5,,39.1,,124.7,,,,,,57.4,46.0,,44.7,,,,,104.9,,,,,48.3,,,83.8,122.2,76.2,,,49.8,72.4,88.9,,49.5,36.8,,,,,,,,,45.7,27.9,,,40.1,63.5,,,,,41.9,,,26.7,52.8,38.1,,,,34.3,79.8,,,88.6,42.9,,,,,,
1929,204.0,,,,,,,,,,72.4,,92.5,40.6,,,33.0,18.3,38.1,,29.2,100.1,132.1,132.1,,15.0,27.9,69.9,65.3,72.1,45.7,,47.5,48.5,23.6,,38.1,,49.3,,,,,,44.5,40.6,,37.8,,,,,53.3,,,,,75.7,,,37.1,38.9,39.4,,,81.8,71.1,152.4,,24.6,49.0,,,,,,,,,98.3,38.1,,,68.3,78.7,,,,,30.5,,,28.4,52.3,64.8,,,,50.8,45.7,,,47.2,32.3,,,,,,
1930,102.6,,,,,,,,,,39.4,,64.5,50.8,,,47.0,29.2,53.3,,25.9,103.9,78.7,73.7,,22.9,31.0,48.8,45.7,91.2,66.0,,52.1,29.5,51.3,,68.6,,54.1,,,,,,52.1,63.5,,52.1,,,,,52.1,,,,,55.4,,,99.1,35.8,109.2,,,34.5,50.8,57.2,,34.5,34.3,,,,,,50.8,,,68.6,48.8,,,175.8,114.3,,,,,21.6,,,25.9,49.8,35.1,,,,30.0,41.4,,,26.4,31.5,,,,,,
1931,80.0,,,,,,,,,,44.2,,134.9,96.5,,,41.1,24.1,19.3,,30.5,66.0,64.8,54.9,,9.1,22.9,76.5,49.0,101.6,44.2,,70.1,85.1,72.9,,45.0,,61.0,,,,,,60.2,59.7,,35.8,,,,,67.6,,,,,67.1,,,36.6,50.0,51.3,,,52.1,52.3,39.4,,37.3,45.5,,,,,,90.7,,,74.9,37.3,,,57.2,68.8,,,,,20.3,,,19.6,57.4,43.2,,,,45.7,49.5,,,51.3,50.3,,,,,,
1932,76.7,,,,,,,,,,41.7,,81.3,66.0,,,38.9,31.8,34.8,,55.9,94.0,95.3,53.3,,25.1,34.3,68.6,42.9,28.4,106.9,,105.7,58.2,58.4,,41.4,,71.4,,,,,,69.9,81.3,,64.8,,,,61.0,72.9,,,,,34.0,,,31.5,173.0,47.8,,,50.8,83.6,83.8,100.3,43.2,68.6,,,,,,85.6,,,76.2,51.1,,,110.5,78.2,,,,,18.8,,15.7,28.7,59.9,50.8,,,,50.8,44.5,,,31.5,27.2,,,,,,
1933,170.4,,,,,,,,,,48.3,,90.9,86.4,,,67.8,19.1,19.8,,24.4,292.1,68.6,63.5,,15.0,22.4,71.6,55.6,48.0,90.7,,97.5,50.8,47.0,,61.7,,49.8,,,,,,47.5,39.6,,45.0,,,,100.6,44.5,,,,,61.7,,,59.7,78.7,51.3,,,40.9,61.5,42.4,48.3,17.0,66.8,,,,,,251.5,,,120.4,58.4,,,49.5,114.6,,,,,11.4,,10.4,46.5,72.9,54.6,,,,50.8,29.5,,,49.3,32.3,,,,,,
1934,108.0,,,,,,,,,,55.9,,100.8,99.6,,,27.9,27.9,32.3,,35.6,124.5,172.7,71.9,,10.9,21.6,89.9,53.1,50.8,98.8,,35.1,58.4,,,52.3,,55.4,,,,,,40.6,36.3,,36.1,,,,59.7,96.0,,,,,46.7,,,50.8,32.0,34.5,,,31.2,76.2,69.9,77.5,40.4,37.1,,,,,,86.4,,,79.0,45.5,,,49.8,48.3,,,,,29.2,,17.3,24.4,41.9,41.1,,,,50.8,71.6,,,51.1,36.6,,,,,,
1935,152.4,,,,,,,,,,46.5,,125.7,49.3,,,25.4,20.3,36.6,,34.3,73.7,128.0,68.6,,16.5,16.5,47.5,62.7,65.5,58.4,,59.2,78.7,34.0,,48.3,,83.1,,,,,,88.9,35.6,,43.4,,,,76.5,52.1,,,,,82.6,,,63.0,38.4,90.4,,,51.3,45.7,72.4,50.8,35.1,75.7,,,,,,101.6,,,147.8,36.3,,,36.8,85.9,,,,,12.7,,13.0,14.2,52.1,79.0,,,,53.3,51.6,,,45.5,44.7,,,,,,
1936,197.4,,,,,,,,,,46.0,,110.2,77.5,,,38.9,22.9,47.2,,35.1,84.3,128.3,81.3,,12.2,33.0,71.1,56.6,56.1,92.7,,111.0,49.3,43.4,,30.7,,46.7,,,,,,28.4,80.8,,36.1,,,,74.2,106.2,,,,,,,,38.9,25.4,114.3,,,28.2,49.5,101.6,79.0,20.6,52.8,,,,,,106.9,,,63.5,35.6,,,82.6,156.5,,,,,24.9,,24.1,24.9,33.3,58.2,,,,50.8,47.2,,,35.6,51.3,,,,,,
1937,102.9,,,,,,,88.9,,,90.4,,204.2,79.0,,,37.8,32.0,45.2,,28.2,64.8,109.2,98.3,,23.6,48.3,59.4,59.4,71.1,68.1,,56.9,47.0,45.7,,32.0,,55.9,,,,,,68.3,73.2,,66.0,,,,63.5,85.6,,,,,45.0,,,56.6,38.1,42.4,,,50.8,95.0,119.9,63.2,67.3,50.0,,,,,,89.7,,,56.6,47.5,,,72.6,95.3,,,,,50.8,,11.2,26.7,42.2,53.3,,,,71.1,40.9,,,49.3,48.3,,,,,,
1938,108.5,68.6,,,,,,140.0,,,39.4,,71.4,200.7,,,32.3,26.2,28.7,,43.2,116.1,81.0,77.7,,34.3,21.6,71.9,57.2,88.9,80.5,113.0,59.2,36.1,53.3,,50.8,,57.9,,,,,,31.0,63.5,,69.3,,,,79.2,61.7,,,,,71.4,,,55.1,39.6,61.5,,,79.2,100.3,88.9,71.6,29.5,124.5,,,,,,68.6,,,112.8,70.1,,,67.6,55.4,,,,,24.9,,17.8,22.9,,52.1,,,,73.7,113.3,,,43.9,37.6,,,,,,
1939,64.8,74.2,,,,,,66.0,,,43.2,,72.6,54.1,,,45.7,21.6,24.1,,27.2,109.7,67.3,108.0,,12.4,43.2,43.2,102.1,60.7,62.0,115.8,56.6,54.1,64.0,,38.1,53.6,98.0,,,,,,41.1,47.0,,35.6,,,,74.9,84.3,,,,,49.0,,,42.7,37.1,38.1,,,27.9,55.9,72.4,76.5,31.2,100.1,,,,,,73.4,,,83.6,62.5,,,40.6,96.5,,,,,24.4,,,18.8,45.7,58.4,,,,51.6,71.6,,,42.7,46.5,,,,,,
1940,95.8,48.3,,,,,,,,,,,162.3,89.9,,,36.3,26.7,13.0,,43.2,63.0,184.4,86.9,,20.6,35.8,45.2,61.2,36.8,46.2,52.8,52.8,97.3,68.6,,102.4,28.4,61.2,,,,,,27.4,38.9,,37.8,,,69.6,71.4,63.8,,,,,45.7,,,68.6,34.3,101.6,,,63.8,49.0,114.3,57.9,49.8,65.5,,,,,,59.9,,,87.9,29.7,,,46.2,73.7,,,,,26.9,,24.9,29.2,34.8,58.4,,,,35.1,64.8,,,38.6,55.4,,,,,,
1941,109.2,,,,,,,,,,53.8,,85.6,91.9,,,100.3,20.1,25.7,,61.0,89.9,78.2,82.6,,32.0,43.9,39.4,45.5,73.4,50.3,71.1,77.2,53.1,80.3,,55.9,126.0,82.0,,,,,,,34.5,37.1,,,,106.2,,72.4,,,,,66.5,,,76.2,43.2,53.1,,,40.6,61.2,116.8,57.2,36.8,66.0,,,,,,74.9,,,59.9,69.3,,,81.0,64.8,,,,,32.5,,45.5,21.3,50.8,72.9,,,,55.4,50.8,,,29.0,49.8,,,,,,
1942,65.0,,,,,,,84.3,,74.7,66.8,,150.4,34.3,,,50.8,20.6,22.9,,35.1,88.6,91.4,100.3,,34.0,35.3,66.3,57.4,52.1,99.8,83.8,,66.3,45.7,,82.8,71.9,51.3,,,,,,,91.4,,,,,127.0,,82.3,,,,,47.2,,132.1,83.3,52.3,57.7,,,38.1,81.5,124.2,54.6,21.8,40.6,,,,,,102.1,,93.2,107.2,66.3,,,49.3,69.9,,,103.4,,9.7,,10.2,39.6,63.5,58.4,,55.9,,39.4,83.8,,,66.0,48.5,,,,,,
1943,164.3,,,,,,,82.6,,53.8,72.4,,157.5,193.8,101.6,,31.8,33.0,88.4,,33.3,83.8,90.2,152.4,,14.7,40.6,88.9,99.1,44.5,62.2,127.3,,47.2,55.9,,57.2,46.7,81.5,,,,,,47.2,86.4,34.3,86.1,,,146.1,,94.0,,,,,78.2,,81.3,30.2,100.3,34.5,,,72.9,61.5,75.9,63.5,62.0,77.0,,,,,,96.5,,84.3,57.7,45.7,,,40.1,132.6,,,59.7,,27.7,,12.4,19.6,42.7,32.0,,76.7,,63.5,58.9,,,56.1,40.6,,11.2,,,,
1944,122.9,,,,,86.4,,70.4,,81.5,49.8,,103.6,77.7,123.2,,37.6,22.9,25.4,,43.2,128.5,82.6,127.0,,29.0,29.2,67.6,91.9,42.9,35.1,48.0,,55.9,40.9,98.3,57.9,68.3,64.0,,,,,,,46.0,,65.5,,,81.3,,47.0,,,,,48.8,38.6,44.7,42.7,52.6,52.1,,,34.3,38.6,99.1,95.3,71.6,50.8,,,,,,48.3,,98.8,52.1,106.7,,,39.4,71.1,,,60.2,,19.6,,41.9,18.0,49.5,47.0,,44.7,34.0,61.5,50.8,,,49.8,34.8,,28.2,,,,
1945,62.0,,,,,,,121.9,,113.0,57.2,,138.4,102.4,129.5,,55.4,26.7,28.4,,17.5,249.4,99.1,91.4,,19.3,46.5,69.9,96.0,54.1,61.0,51.6,,42.7,57.2,90.2,56.1,57.4,69.9,,,,,,52.1,47.0,,71.6,,,105.4,,76.7,,,,,41.1,44.2,58.4,49.5,77.0,29.0,,,53.6,61.0,120.9,94.0,45.2,79.2,,,,,,66.0,,42.4,65.0,48.3,,,50.8,86.4,,,88.9,,13.5,,22.1,27.2,51.1,55.9,,47.8,81.8,88.1,63.8,,,53.6,79.0,,14.0,,,,
1946,92.7,,,,,76.2,,81.3,,91.4,47.0,,81.3,73.2,99.3,,39.6,26.7,22.9,,33.3,73.7,109.2,50.8,,22.9,52.8,112.0,71.6,41.7,60.2,52.8,,46.0,54.4,149.9,77.5,49.5,150.4,,,,,,50.8,39.6,,33.8,,,70.1,,140.0,,,,,77.7,52.3,53.3,85.9,91.7,69.3,,,43.7,85.9,45.5,106.7,32.3,81.5,,63.5,,,,71.1,,83.8,62.0,69.9,,,74.7,73.7,,,160.0,,15.5,,21.8,23.6,46.5,86.9,,36.6,24.4,34.3,53.8,,,43.9,39.1,,29.7,,,,
1947,66.8,,,,,,,67.1,,57.2,63.8,,66.0,32.0,113.3,,45.0,27.9,35.6,,46.2,157.7,66.0,80.8,,19.8,41.1,50.5,40.1,71.4,78.5,78.0,,78.0,27.2,68.3,38.9,57.2,87.6,,,,,,34.0,68.6,,58.2,,,114.3,,53.8,,,,,32.3,50.8,41.1,53.3,57.4,58.4,,,63.0,95.3,211.8,54.6,56.6,57.4,,105.2,,,,47.0,,41.9,41.9,49.5,,,63.0,,,70.9,63.5,,18.8,,26.7,23.1,72.6,38.4,,64.8,64.3,45.7,127.3,,,40.9,38.6,,17.5,,,,
1948,103.6,,,,,71.1,,116.8,,67.1,71.1,,106.7,42.7,112.0,21.8,49.3,21.3,24.6,,20.3,137.2,140.5,76.7,,28.7,42.7,49.8,53.1,73.2,56.6,102.9,,53.3,86.4,,53.3,70.4,55.4,,,,62.2,,35.6,36.6,,27.7,,,92.5,,87.6,,,,,74.4,56.4,44.5,69.3,59.2,40.1,,31.2,40.4,83.8,63.8,104.1,44.7,85.1,,85.6,48.3,,,80.8,,62.0,58.9,45.7,,,76.5,116.1,,89.4,82.6,,18.8,,13.5,39.9,58.4,61.0,38.1,38.9,27.9,34.8,37.6,136.1,52.6,39.9,33.3,,14.5,,,35.3,
1949,55.9,121.7,,,,101.6,,77.5,,93.7,52.6,,79.5,65.8,62.7,21.1,50.8,20.3,34.5,,19.1,101.6,158.8,73.2,,14.2,18.3,101.3,59.7,49.5,58.9,47.5,,72.4,47.5,79.0,45.7,31.0,147.3,63.5,,,74.9,,53.1,46.5,,35.6,57.2,,92.7,,71.1,,,22.9,,45.2,49.3,71.1,51.8,41.7,90.4,,32.5,58.4,50.8,99.3,65.5,51.1,41.1,,114.8,75.4,89.7,,91.4,,58.4,39.4,38.9,,,47.2,121.9,59.2,59.9,222.3,,17.3,,17.0,21.6,58.4,51.8,52.6,74.7,74.4,58.9,44.5,83.8,99.8,40.9,38.4,,20.1,15.5,23.9,75.2,36.8
1950,35.6,124.5,,,,81.3,81.5,128.3,,82.8,103.1,,146.1,59.9,100.3,20.8,30.7,19.1,37.1,,26.9,59.7,99.1,66.5,40.4,19.8,32.5,97.0,62.7,68.6,67.3,158.5,68.6,65.0,37.8,116.8,88.6,91.4,82.0,99.1,,,80.3,,36.1,78.0,,34.0,44.5,,101.6,67.1,57.4,42.4,,25.4,,37.1,49.5,42.4,39.6,60.5,47.5,,45.7,50.3,58.4,105.9,61.7,38.4,61.0,,41.4,76.2,126.2,,86.4,,82.0,151.9,44.5,,,84.1,61.0,,72.9,61.0,,14.7,,15.2,20.1,45.7,64.0,49.0,84.3,88.9,27.2,45.7,215.1,33.5,52.1,48.0,,18.5,33.5,29.0,62.7,45.0
1951,76.7,100.1,,,,76.2,109.2,64.3,,87.6,65.8,,105.4,34.3,139.7,39.4,50.8,20.8,92.5,,40.6,90.4,65.0,52.1,34.3,21.6,35.6,64.0,103.6,98.6,83.3,50.8,47.5,58.7,58.4,48.8,45.0,94.0,87.1,83.8,,,45.7,,48.8,71.1,,75.4,69.9,,114.3,68.1,52.3,31.0,16.5,25.1,,38.9,48.0,78.7,49.5,73.7,43.2,,25.4,41.1,111.8,79.5,46.5,53.3,38.1,,76.7,72.4,96.5,,62.7,,45.2,58.9,39.9,51.6,,48.8,77.5,,66.3,95.3,,42.4,,12.7,26.7,81.5,48.5,73.7,65.3,53.6,46.2,41.4,116.6,39.6,66.3,40.4,16.5,14.7,20.6,29.2,83.1,57.2
1952,76.2,,,,,146.1,,142.7,,120.9,71.1,,158.5,130.8,100.6,18.0,33.0,24.1,40.6,,25.4,71.1,82.6,84.1,21.6,21.8,25.9,50.8,46.0,63.8,57.9,88.1,56.6,81.0,47.2,66.5,37.6,38.1,52.8,50.8,,,74.7,,48.8,52.3,,40.9,86.4,,50.8,58.9,80.0,26.2,20.6,36.6,,58.7,53.8,31.8,30.5,73.7,,,44.5,49.5,97.8,60.5,96.3,54.6,45.2,30.2,39.4,38.1,71.4,,50.3,,73.2,66.0,39.4,34.5,,34.5,75.2,43.2,82.6,45.7,,25.4,,16.3,13.5,36.8,35.3,27.9,89.4,67.1,36.8,40.6,73.7,37.6,49.5,50.3,13.5,27.9,21.8,20.3,49.3,80.8
1953,118.4,,,,,124.5,,68.1,,59.7,42.4,,114.0,69.9,96.5,23.1,38.1,29.2,44.5,,32.5,116.1,71.6,95.3,53.6,27.7,30.0,62.2,67.6,55.9,25.4,33.0,29.2,102.9,53.8,52.1,40.6,76.2,34.3,104.1,50.3,,44.5,,30.7,26.4,41.1,36.6,87.9,,87.1,42.7,67.3,48.3,24.1,,,90.2,91.4,24.4,73.7,45.7,,,25.4,35.3,57.4,57.2,111.8,59.4,30.0,42.9,135.9,88.9,166.6,,86.6,,47.5,47.0,29.0,48.3,,36.1,101.6,63.5,70.6,68.6,,13.7,,36.6,36.6,51.1,66.0,73.7,73.7,57.2,44.5,40.6,74.2,39.9,55.4,46.5,15.2,41.9,27.7,54.1,56.4,48.8
1954,92.7,,,,,83.3,87.4,84.6,,107.7,67.1,,92.2,82.8,123.2,36.8,29.2,17.0,32.3,,25.1,62.5,87.4,43.2,25.9,22.1,46.5,50.0,63.5,103.1,58.7,45.2,110.5,80.0,111.8,50.8,67.3,40.6,64.5,41.1,34.3,,96.0,,46.2,64.0,43.7,110.7,77.2,,75.4,65.8,57.4,21.6,29.2,,,27.7,41.1,16.8,29.2,73.4,61.5,,17.3,48.0,115.8,84.6,186.9,71.9,59.7,39.1,70.1,42.2,126.7,,69.1,,48.3,63.5,55.9,41.9,,62.0,48.8,157.5,73.7,48.5,,25.4,,28.2,23.4,51.8,62.5,49.5,60.2,78.5,46.2,81.3,148.3,35.6,87.4,37.6,9.7,15.5,20.8,25.1,91.9,31.0
1955,116.8,,,,,88.9,144.0,100.3,,57.2,98.8,,188.2,44.2,209.3,24.4,21.6,20.8,29.7,,22.9,58.7,127.0,68.6,57.9,17.0,40.6,132.6,103.4,59.7,58.7,67.3,56.6,60.7,42.7,58.9,50.8,45.7,69.6,54.6,54.1,,104.1,,49.8,45.2,25.7,52.3,55.4,,154.9,47.5,61.0,29.2,18.5,,,31.5,38.1,74.7,42.9,39.4,59.7,,55.9,45.2,106.7,66.0,100.6,48.0,57.2,,68.6,81.8,186.4,,73.4,,111.0,115.3,34.8,35.6,,138.4,77.2,65.5,99.1,48.3,,24.4,,18.8,27.9,49.3,61.0,31.0,36.3,49.3,42.2,57.4,69.1,52.1,27.7,57.4,8.4,17.0,17.0,25.4,43.2,58.4
1956,217.2,,,,,57.2,78.2,68.6,,121.9,80.8,,106.9,106.7,156.0,19.6,30.5,27.9,27.4,,18.5,50.8,73.4,134.6,43.4,17.0,25.4,65.0,78.2,46.2,119.9,59.9,38.1,48.8,48.3,39.9,38.1,83.8,40.6,73.9,44.5,,55.1,,55.9,43.2,45.7,40.6,48.3,,105.4,38.9,66.5,31.5,24.1,,,35.6,60.5,153.2,27.7,40.6,45.7,,12.2,67.6,75.9,76.2,83.8,49.0,68.6,68.6,87.9,26.7,94.7,,64.3,,45.7,39.9,40.6,54.6,,24.6,82.0,27.9,76.2,43.2,,14.2,,10.7,24.6,50.8,47.8,44.5,51.8,60.2,43.7,73.2,71.6,47.5,57.2,81.8,25.7,22.1,17.3,46.5,62.0,48.5
1957,90.2,88.1,,,,79.5,89.9,82.3,,124.5,63.0,,106.7,63.8,112.5,34.3,44.5,62.2,41.1,,26.4,81.0,72.4,97.8,30.7,32.0,23.1,116.8,102.9,37.6,66.8,91.9,53.3,43.9,32.5,113.3,78.0,63.5,55.1,68.6,74.9,,74.9,,34.8,63.0,38.6,50.3,49.0,,100.1,68.3,59.2,25.4,30.0,,,47.2,45.7,50.3,57.7,88.9,59.2,,33.0,35.6,98.8,65.0,59.7,29.5,75.7,50.8,83.8,122.9,120.7,,54.6,,57.7,32.5,106.7,37.6,,127.5,73.9,52.1,84.6,135.1,,33.0,,36.3,21.3,62.2,54.6,37.3,58.2,31.8,32.5,34.8,96.0,34.8,55.1,32.3,13.7,14.7,30.5,44.5,103.9,27.2
1958,63.5,78.7,,,,90.9,70.1,81.3,,89.4,66.3,,109.2,85.3,110.2,21.3,101.6,28.2,27.4,,33.0,84.6,131.6,52.6,38.9,15.0,24.1,55.9,82.6,100.8,105.9,45.5,51.6,93.0,63.0,53.3,59.7,67.3,106.7,40.6,50.8,,46.5,,52.1,57.2,49.3,25.9,69.9,,80.8,67.1,60.7,27.4,14.5,,,40.4,102.9,61.5,35.6,59.7,37.6,,33.0,40.6,55.4,107.7,75.7,38.9,69.1,47.0,41.9,40.9,97.8,,74.9,,61.0,80.3,43.9,43.2,,54.1,126.0,72.6,90.9,89.9,,16.5,,15.7,25.7,36.1,40.9,50.8,70.9,58.7,50.8,69.6,44.2,37.1,29.7,51.8,16.8,49.8,16.8,19.1,54.9,26.7
1959,87.9,69.9,,,,69.1,99.1,54.6,52.3,81.3,63.2,,105.4,94.2,172.5,23.4,102.9,19.3,24.6,20.3,27.9,78.2,78.7,136.7,34.5,13.5,34.0,45.2,63.8,75.4,39.9,54.4,55.4,67.3,57.2,68.1,36.8,68.6,73.4,44.5,84.6,48.3,51.1,,51.3,120.7,50.8,81.0,75.7,,80.0,45.5,52.8,44.5,32.3,,,64.8,48.3,38.4,81.3,39.4,46.7,,58.4,53.6,68.6,100.3,113.0,38.9,38.6,117.1,84.3,96.5,106.9,,71.1,54.6,51.8,78.5,54.9,45.2,,63.5,116.8,63.5,67.1,121.9,,15.7,,34.5,27.7,70.6,45.0,64.8,72.1,36.8,58.4,52.1,100.1,103.1,74.9,51.1,16.5,17.5,16.0,22.9,130.0,39.1
1960,87.6,75.9,,38.6,,121.9,78.5,208.0,64.5,90.9,61.5,,111.3,54.9,123.7,15.5,49.0,23.1,24.9,13.7,17.8,119.9,128.3,81.3,27.7,15.2,35.6,43.2,39.1,81.5,50.8,82.8,94.0,90.2,59.2,61.0,37.6,91.4,56.4,61.2,74.4,96.5,90.2,,25.9,99.1,48.8,50.3,57.7,37.3,82.0,82.6,47.5,68.6,26.4,,,55.9,74.9,22.1,53.6,43.9,36.1,,50.8,57.7,120.9,62.5,56.6,100.6,47.8,48.3,,73.7,116.6,,106.4,87.6,49.3,151.4,61.5,79.2,55.9,73.9,41.1,114.3,86.9,95.3,,31.2,,15.0,19.3,49.3,47.2,64.3,83.8,81.3,39.1,49.5,82.6,63.8,51.8,42.7,13.2,15.7,10.4,41.9,52.8,33.0
1961,127.0,88.9,,29.0,,90.4,72.4,105.2,103.1,62.2,63.5,8.9,52.8,72.9,112.0,37.1,63.5,29.0,29.5,25.1,50.8,69.9,127.8,73.7,39.6,31.8,41.4,74.7,81.3,75.4,69.3,95.3,122.4,70.4,53.3,62.5,64.8,33.0,126.0,88.4,55.6,68.6,117.6,,57.2,51.6,43.2,42.2,34.8,42.9,141.0,122.2,71.1,22.9,14.7,,,61.0,55.6,41.9,35.3,52.1,74.9,,39.9,44.5,61.2,62.7,58.7,43.7,104.1,76.2,,167.6,147.3,,88.6,46.7,64.0,61.0,32.3,57.2,50.8,89.9,102.4,141.0,76.2,92.7,,23.6,,30.2,18.5,50.8,40.4,31.8,113.5,57.2,54.4,48.0,78.0,40.9,42.7,32.5,13.2,14.5,19.3,59.2,55.9,37.3
1962,76.2,41.4,12.4,23.9,,51.3,106.7,63.5,69.9,47.0,149.9,6.9,147.6,135.4,122.9,33.3,41.7,16.5,42.7,16.0,27.9,76.2,63.5,93.5,26.4,21.8,50.8,43.2,52.3,36.8,37.1,63.0,46.0,60.7,168.9,95.0,32.3,76.2,105.4,49.8,40.6,113.3,45.7,,44.5,34.3,44.5,42.2,72.4,54.4,169.7,68.3,45.0,22.9,120.7,,,74.7,57.4,62.2,68.8,37.6,55.9,20.8,78.2,36.1,50.3,61.2,58.4,28.4,48.8,42.4,50.8,84.6,71.1,,68.6,50.8,41.9,52.3,59.2,75.4,33.8,80.8,115.6,57.2,50.8,35.6,,22.1,25.1,18.0,17.3,68.6,55.4,39.4,104.4,39.9,29.2,48.5,61.0,34.0,29.2,48.8,14.7,17.5,22.4,34.8,158.5,38.1
1963,66.0,78.7,31.8,41.1,,56.1,186.7,77.0,95.3,97.8,48.8,14.7,125.2,68.1,74.9,21.8,22.1,38.1,22.4,21.1,15.2,101.6,98.6,94.0,33.3,26.7,28.7,68.1,63.5,58.4,49.8,62.0,72.9,122.7,74.2,53.3,26.7,35.6,58.7,113.0,55.9,30.5,60.5,,47.2,37.3,64.0,28.2,106.7,72.4,53.8,80.0,43.7,24.1,23.4,74.4,,76.2,48.5,49.8,85.6,58.4,87.6,13.2,26.9,57.7,41.9,79.5,59.9,45.2,59.7,50.0,42.2,97.0,116.6,,58.4,91.4,36.3,50.3,61.5,64.8,29.7,90.7,35.6,157.0,176.5,55.9,,11.7,27.4,21.3,29.2,37.1,45.7,37.6,26.7,43.2,41.4,49.5,91.4,28.2,35.6,43.4,27.4,23.6,27.9,50.8,84.6,45.5
1964,80.0,80.0,54.9,52.8,96.5,117.6,114.3,88.9,87.6,91.4,82.0,9.7,101.6,78.7,295.7,18.5,55.9,19.1,37.3,19.8,23.9,66.8,203.7,138.9,53.6,33.0,40.4,49.3,53.3,58.4,48.3,102.9,89.2,58.4,48.0,67.3,27.9,76.2,66.5,91.7,59.9,63.0,116.8,,29.7,39.6,78.0,40.6,69.9,48.3,96.8,112.3,68.8,38.1,32.5,81.5,,91.4,41.1,22.9,53.3,90.2,55.9,23.6,30.5,32.5,49.5,101.3,105.9,61.7,115.3,108.0,50.8,51.3,80.5,63.8,85.1,52.6,46.5,87.4,47.0,21.6,61.2,65.0,87.6,50.0,39.1,43.2,242.8,15.2,33.5,20.3,29.7,58.9,89.4,35.1,43.2,179.1,96.8,59.7,117.1,49.0,75.9,41.9,10.4,27.2,20.1,50.5,47.0,32.0
1965,64.3,59.7,32.5,42.7,80.0,134.4,182.9,82.6,141.0,142.2,72.4,11.7,53.8,127.0,165.1,33.0,99.1,30.7,26.4,26.4,29.7,117.9,69.3,52.8,31.5,19.1,29.5,56.1,69.1,115.6,94.0,91.4,87.6,38.1,65.3,32.3,52.8,95.3,106.7,73.9,60.5,96.5,110.5,62.2,64.8,67.1,52.8,41.4,54.6,38.1,92.2,93.5,75.7,40.6,56.9,33.5,,62.2,81.8,77.5,55.9,59.7,86.4,29.2,45.2,26.9,41.1,55.9,71.1,59.9,124.5,47.2,,69.6,75.9,68.3,71.1,58.4,61.5,74.7,69.9,40.1,29.5,76.7,70.9,87.6,85.6,73.7,86.4,19.1,33.3,32.3,27.4,54.1,32.8,48.8,61.5,47.0,50.8,53.6,44.7,24.9,53.3,32.3,52.3,15.5,23.4,61.7,65.0,47.0
1966,64.8,121.9,30.5,37.6,129.3,118.4,82.6,76.2,91.4,82.6,47.5,9.7,253.7,104.6,133.9,42.2,83.3,21.1,57.4,15.7,30.7,67.1,91.9,115.6,21.6,14.7,40.9,66.3,94.5,90.7,109.2,61.0,52.8,58.4,45.0,67.8,36.8,76.2,85.1,80.0,49.0,49.5,70.6,106.7,33.0,59.2,47.8,45.7,57.9,55.9,88.4,46.0,,70.1,23.1,25.9,43.2,50.8,148.3,58.7,47.5,39.4,27.9,21.6,38.4,66.3,93.0,78.5,81.3,54.4,52.1,53.1,64.8,49.0,94.2,62.7,67.8,91.7,71.1,95.5,48.3,52.6,43.7,55.4,87.6,97.8,103.6,62.2,50.8,17.3,33.0,11.9,19.1,40.4,53.3,78.7,38.4,34.3,45.0,50.8,61.0,30.7,47.8,27.4,13.0,19.8,17.5,32.8,71.1,44.2
1967,90.9,120.7,41.4,49.8,50.8,95.8,81.3,64.8,75.9,80.8,78.5,8.4,293.6,79.5,84.3,38.1,33.5,,34.5,18.3,22.9,66.5,197.1,80.5,26.4,26.4,33.5,50.5,90.2,64.5,56.1,67.3,62.2,79.5,57.2,47.5,69.6,67.3,99.8,66.5,71.1,69.1,35.3,133.4,41.9,57.7,28.7,47.0,41.7,49.5,85.6,74.4,,25.4,66.0,42.7,90.2,35.6,60.5,65.0,54.6,73.2,31.8,23.6,44.5,60.7,54.1,217.2,57.2,29.5,87.6,56.6,39.6,78.0,50.8,43.2,61.7,86.6,50.8,80.5,34.3,66.8,54.1,52.1,74.2,78.7,133.4,146.1,47.0,21.1,19.8,18.0,24.6,73.7,63.5,91.4,50.8,34.3,35.6,39.1,70.4,37.1,46.5,62.2,12.4,18.0,17.3,71.6,47.2,45.5
1968,48.3,78.5,34.0,40.4,59.7,174.5,130.8,96.5,87.4,111.8,72.6,21.3,98.0,60.7,77.5,22.1,43.4,,20.1,27.4,31.8,96.5,114.0,96.5,37.3,23.1,26.7,49.5,55.9,38.4,74.4,64.8,119.4,60.7,43.2,92.7,36.3,101.6,64.8,56.4,69.3,132.1,44.5,86.4,24.4,115.6,63.5,40.1,62.2,68.6,91.4,106.4,,55.1,35.6,29.5,40.1,54.6,64.0,44.7,53.8,54.6,62.0,15.2,38.9,96.5,82.3,72.6,41.9,37.6,88.9,54.9,66.0,46.2,82.0,88.9,57.4,65.0,64.0,94.0,50.3,40.9,40.6,43.9,112.8,53.3,110.5,88.9,73.4,20.6,41.7,24.6,24.6,63.5,67.1,33.5,44.5,68.6,71.4,49.3,65.5,69.1,55.9,36.1,17.3,19.6,24.4,36.6,70.6,28.2
1969,77.7,87.9,21.6,21.3,77.5,150.1,200.2,121.9,89.4,104.1,96.3,15.7,118.1,177.8,188.5,33.5,68.1,,29.2,42.7,46.2,70.9,68.8,101.6,35.1,17.8,35.1,59.7,126.2,96.5,33.3,66.0,80.0,50.8,69.9,50.8,69.6,88.9,58.4,128.3,73.9,54.4,41.7,71.4,29.7,54.9,82.3,38.9,36.8,55.4,141.0,110.5,62.5,28.7,38.1,40.4,107.7,102.9,51.1,39.4,,141.0,61.0,21.3,28.4,89.7,72.1,67.8,81.0,32.3,100.8,114.3,64.8,144.3,72.1,101.6,54.1,41.9,70.6,78.7,50.8,35.6,61.0,52.1,210.3,118.1,76.7,,50.8,21.6,49.8,21.8,22.9,55.9,85.9,96.5,100.1,78.7,50.8,105.7,106.7,44.5,62.7,63.2,25.7,25.4,24.4,40.1,89.9,47.0
1970,81.3,160.8,50.8,54.1,68.6,155.4,125.0,70.9,85.6,60.5,72.9,17.8,143.5,80.8,165.9,22.4,37.6,33.3,35.1,23.9,52.1,63.0,70.1,153.7,48.0,41.4,42.9,127.5,76.5,58.4,81.3,153.7,103.6,52.3,45.7,91.9,42.7,43.2,111.5,148.6,43.9,69.6,78.7,102.9,46.5,45.5,42.4,56.4,57.9,57.2,66.0,79.2,83.3,26.7,50.8,36.8,61.2,58.4,56.9,51.6,35.3,35.6,57.2,26.9,31.0,117.6,62.0,154.7,62.0,35.8,83.8,61.0,53.3,73.9,81.3,81.0,90.2,61.5,50.3,67.6,49.5,42.4,40.9,41.9,104.9,39.9,94.7,88.9,82.6,19.1,59.9,18.0,24.4,56.1,55.1,59.7,62.7,50.8,43.2,63.5,147.3,46.0,42.7,35.8,21.6,24.9,30.5,40.1,46.2,78.2
1971,78.7,67.6,15.2,71.1,66.5,123.2,53.3,183.9,50.5,109.7,65.5,6.9,105.4,64.5,85.1,33.0,43.2,34.8,26.4,37.6,33.0,103.4,59.4,78.7,35.8,27.2,36.3,43.4,58.4,63.5,63.5,63.0,61.5,44.2,86.9,55.4,76.5,,56.4,71.4,64.0,74.2,66.8,119.4,55.1,34.3,38.6,49.5,42.2,49.5,96.0,64.3,,29.0,33.0,45.5,17.0,56.4,61.0,37.8,,50.0,53.3,22.6,38.1,58.4,101.6,76.2,64.5,49.0,78.5,97.0,61.5,96.5,94.7,78.0,78.7,159.5,109.5,127.5,50.8,45.7,58.4,61.7,128.8,95.5,87.6,73.7,69.9,17.8,70.9,17.0,23.6,88.4,50.8,54.6,48.3,45.7,37.3,46.7,178.8,36.6,34.3,34.3,33.0,19.3,29.7,22.6,46.0,39.6
1972,137.7,96.0,91.4,39.4,106.7,144.3,71.1,68.6,94.7,64.8,27.2,14.0,71.1,57.2,93.5,29.2,42.7,23.9,33.8,19.8,30.5,74.9,62.2,87.6,36.8,31.5,44.5,69.3,63.0,66.5,72.1,58.7,46.0,48.5,53.3,80.0,171.5,121.9,61.7,75.4,51.6,179.1,61.5,78.0,57.2,49.3,57.9,57.2,53.3,64.8,119.4,67.8,74.4,45.0,26.7,38.1,86.4,44.5,115.1,34.3,,84.6,33.0,34.8,36.3,70.6,61.7,106.4,79.2,38.1,39.1,82.8,68.6,38.4,152.4,147.3,72.4,126.5,103.4,94.7,59.4,99.1,27.7,42.7,61.2,55.9,72.9,86.9,75.7,16.8,37.3,18.0,24.4,64.0,52.1,35.6,71.1,63.5,36.8,43.7,106.7,47.2,34.8,54.4,26.4,17.8,17.0,46.2,35.3,41.4
1973,85.3,106.7,25.9,45.7,78.7,129.0,96.0,101.6,77.5,83.8,75.4,18.8,161.3,112.3,196.6,13.7,33.5,16.3,23.1,22.9,30.5,101.6,76.2,64.8,32.0,25.9,30.7,143.8,83.8,53.3,34.3,60.2,117.1,100.6,74.9,102.9,25.4,101.6,108.7,153.9,90.2,131.6,132.1,184.2,33.8,40.9,73.7,39.4,71.1,83.8,159.0,74.9,49.3,27.4,27.4,34.0,68.6,78.0,44.7,47.5,101.6,86.4,67.3,22.9,31.8,42.9,70.1,93.5,74.9,34.3,55.9,104.9,59.7,132.8,75.9,100.1,64.3,74.9,80.3,53.3,53.3,33.5,38.9,52.8,83.8,50.3,99.1,114.3,73.4,17.0,31.0,30.0,15.7,52.3,47.8,41.9,48.3,56.6,50.5,49.3,83.6,57.2,56.4,64.8,33.0,26.2,30.2,53.8,89.9,67.3
1974,70.1,69.3,43.4,39.9,57.2,161.0,152.4,133.9,86.4,50.8,85.9,15.2,85.1,134.6,126.2,15.2,38.9,11.2,29.2,25.4,25.4,98.6,86.9,61.0,29.0,20.3,43.9,63.2,77.7,65.3,46.2,74.7,64.0,85.3,62.0,35.8,45.2,,61.7,26.2,47.0,50.8,43.9,118.1,30.7,33.8,52.1,30.0,63.0,46.7,159.3,59.7,54.6,29.0,41.9,60.7,54.6,55.9,43.2,52.8,95.3,36.8,58.4,48.3,52.1,68.6,55.9,56.6,81.5,44.5,50.5,43.2,50.5,111.5,138.4,114.6,62.2,57.7,48.8,77.0,101.6,45.7,21.1,53.3,149.9,75.4,84.8,152.4,191.0,,34.3,12.7,20.3,63.0,53.8,142.7,45.7,46.2,48.0,68.3,84.6,45.2,63.5,35.3,40.6,15.5,24.9,43.2,,29.2
1975,211.8,116.6,,63.5,102.1,64.0,71.9,64.3,74.7,61.7,69.3,8.1,96.5,54.1,113.5,19.8,36.6,40.6,22.6,19.6,19.8,76.2,110.5,80.8,30.0,23.1,52.6,57.4,47.0,50.8,80.0,97.0,45.2,58.2,57.9,56.6,35.6,,44.2,68.3,46.0,66.8,107.4,124.0,32.3,85.6,55.4,96.0,48.3,54.6,120.7,142.5,51.6,48.5,41.4,46.2,97.3,82.3,49.8,43.7,55.4,49.5,48.8,26.7,36.3,112.3,70.6,129.5,101.6,44.2,78.7,52.6,95.8,83.1,86.4,74.9,94.0,71.4,62.5,111.0,43.2,24.1,42.2,76.2,59.7,68.6,83.8,102.1,86.9,,37.6,18.0,16.5,54.4,50.3,73.7,43.9,41.9,50.8,51.1,88.9,49.5,97.3,35.1,25.7,12.2,33.3,,42.9,53.1
1976,65.0,58.9,,30.7,71.1,61.0,82.0,70.4,62.7,40.6,45.0,20.8,92.2,81.3,88.4,33.5,77.7,17.0,21.8,33.0,30.5,109.2,146.3,62.2,35.3,24.9,22.9,65.8,81.5,45.2,41.1,52.3,78.7,46.0,31.0,36.6,53.6,44.7,35.3,75.9,39.6,39.1,48.3,89.2,43.2,66.8,31.8,49.5,29.5,32.3,78.2,59.4,74.9,60.2,35.6,46.2,47.8,55.9,57.2,42.7,86.4,49.5,77.5,31.8,36.8,88.9,74.2,108.0,45.7,35.6,94.5,89.9,44.7,74.2,53.3,71.9,76.7,52.1,46.2,38.6,27.9,46.5,13.2,42.9,82.8,50.8,69.9,61.7,80.3,,50.8,20.8,13.5,45.7,70.6,63.5,47.5,45.5,32.3,46.5,142.7,33.8,39.9,55.1,18.8,24.6,19.1,30.2,70.9,34.8
1977,106.7,106.7,,72.9,58.4,132.6,98.3,,64.5,95.3,36.8,24.1,165.1,96.5,95.0,20.3,31.0,,28.7,26.7,35.6,70.9,118.6,101.6,37.1,17.3,47.0,60.2,72.6,54.6,63.5,63.5,58.4,55.4,68.8,66.8,36.8,59.7,96.3,78.7,55.9,146.1,60.5,124.0,72.6,44.2,38.4,30.7,66.8,92.7,94.0,58.4,51.6,25.9,39.4,24.4,42.4,44.5,46.2,61.7,65.5,80.0,78.7,57.2,21.8,62.2,101.6,128.8,119.9,76.2,76.2,93.2,66.0,70.6,75.2,69.1,50.8,66.3,52.1,69.6,50.8,28.2,39.9,45.7,125.7,39.1,127.5,83.8,75.7,,36.3,22.6,19.1,93.2,42.4,50.8,51.8,53.6,46.5,39.9,74.2,64.8,32.3,46.5,35.3,31.2,15.2,57.7,106.2,33.0
1978,97.0,67.1,,55.4,88.9,101.6,140.5,55.9,135.9,97.8,73.4,25.4,85.1,172.0,130.6,27.2,35.1,30.5,33.3,35.6,,61.0,106.2,71.1,32.8,20.6,34.0,42.2,62.2,124.5,38.4,51.8,59.7,81.5,159.0,79.0,38.1,69.9,63.2,46.0,122.9,61.0,43.9,134.6,41.7,136.4,61.2,40.4,81.3,57.9,58.9,56.9,43.2,45.7,52.1,93.5,59.9,23.4,53.3,62.7,63.5,43.2,,29.5,30.0,50.8,86.4,74.7,56.9,33.0,52.1,42.4,48.8,50.3,82.8,79.2,50.8,98.6,59.2,67.8,26.7,28.2,29.0,69.9,52.6,55.9,54.6,76.2,50.8,,40.1,39.4,34.5,50.8,75.7,58.4,55.9,47.2,76.2,41.1,51.8,45.2,43.4,45.0,14.7,34.0,16.8,45.0,130.8,33.0
1979,76.7,95.3,,40.6,73.7,83.1,89.4,,79.0,59.9,77.5,8.9,106.2,68.6,170.9,19.6,62.7,18.5,23.9,44.2,,76.2,121.9,86.4,28.7,20.3,30.5,81.0,100.1,60.7,44.5,87.6,35.8,57.7,127.0,71.9,118.1,,76.7,76.5,95.3,59.7,95.3,120.4,57.4,36.6,41.4,67.3,59.7,84.8,101.6,70.1,34.0,25.9,34.5,26.2,18.0,86.4,86.1,29.5,,76.2,,25.4,33.3,69.3,75.2,54.9,71.9,86.4,76.2,137.7,78.5,104.4,76.2,69.6,52.1,115.1,95.5,78.5,48.3,43.2,38.4,72.4,118.4,73.7,99.8,85.6,110.7,,30.0,21.3,23.6,50.8,48.3,53.3,68.6,37.6,48.3,75.2,172.5,54.4,46.0,57.9,22.6,23.9,30.7,36.8,67.1,126.2
1980,71.4,104.1,,31.0,128.3,101.6,87.1,,52.1,82.6,76.2,13.7,108.0,142.2,215.4,26.2,38.6,27.9,36.8,47.5,31.8,83.8,80.0,88.9,41.9,25.4,40.6,64.5,53.3,50.0,87.1,101.6,59.9,48.0,39.4,39.4,48.3,39.4,52.6,50.8,49.8,56.1,45.7,103.6,49.5,61.7,41.9,31.0,49.5,50.3,145.0,84.6,148.6,19.8,49.5,33.0,,66.5,48.8,42.7,79.0,47.0,50.3,29.7,26.7,56.4,62.2,51.8,44.5,33.5,55.9,58.4,135.9,62.2,95.0,143.5,64.0,60.5,43.2,60.5,61.0,39.6,31.0,90.2,71.9,,68.6,117.3,78.2,,30.0,21.8,35.1,43.2,52.6,59.4,53.3,63.8,103.6,66.8,50.0,49.3,38.4,48.8,36.6,17.5,35.8,31.5,82.3,37.3
1981,,80.8,,25.7,59.7,64.5,83.8,85.9,91.4,54.6,53.1,20.3,101.6,53.3,117.9,28.2,101.9,21.3,19.1,22.6,55.9,95.3,97.3,121.9,36.1,19.3,30.5,97.5,40.1,86.9,81.3,81.3,74.4,107.4,80.0,69.9,39.6,87.1,95.3,88.1,58.4,53.3,55.1,89.9,54.4,82.6,36.1,46.7,48.3,71.1,88.1,58.2,65.3,64.5,33.8,115.8,32.3,52.1,48.5,61.2,56.4,50.8,30.5,24.6,26.7,47.0,85.6,79.0,101.6,66.0,67.8,97.5,45.2,39.4,113.3,90.4,62.2,39.6,53.8,55.6,93.7,54.6,37.6,50.8,87.1,76.7,70.1,75.9,165.4,25.4,35.3,14.0,20.8,46.2,50.8,40.6,43.9,83.6,55.9,61.0,117.6,44.5,43.7,49.8,36.1,18.3,18.3,34.3,168.9,66.3
1982,87.9,176.5,26.7,59.4,68.6,357.1,208.3,77.5,95.5,264.2,79.0,16.3,268.0,64.8,103.4,24.9,32.5,31.8,39.4,29.2,,110.5,61.2,82.6,50.5,25.9,26.4,46.7,101.9,95.8,116.8,79.8,64.0,50.8,85.1,54.4,64.3,61.0,56.6,67.6,86.9,60.5,82.8,78.7,40.6,37.3,60.5,43.9,54.6,67.3,151.1,68.6,,30.7,62.0,56.9,,44.5,79.2,,37.3,76.2,102.1,15.2,21.6,27.9,58.4,62.0,71.9,35.1,,55.1,50.3,65.5,76.2,74.4,77.2,73.2,49.3,65.3,48.3,58.4,55.9,68.6,83.8,66.0,121.9,66.3,66.5,17.0,54.1,30.2,36.1,61.7,54.4,123.7,72.6,63.5,49.8,98.3,75.7,63.0,49.3,99.1,21.3,40.4,19.1,27.7,86.1,74.7
1983,89.4,170.2,94.0,63.5,114.3,86.4,79.5,116.8,88.9,86.9,70.9,24.4,108.0,81.3,131.1,26.4,46.7,26.2,21.6,30.5,,100.6,79.8,55.9,76.2,20.8,32.3,53.8,72.6,69.9,50.8,78.7,59.2,52.3,63.5,84.3,34.8,40.6,36.3,37.1,47.8,49.0,57.9,221.0,66.8,33.0,43.9,55.9,26.4,90.9,156.2,66.0,,20.6,31.2,25.9,,56.4,65.5,,27.2,78.7,133.9,22.4,52.6,39.6,96.3,132.1,66.5,24.4,67.3,52.8,179.1,56.6,188.5,73.9,88.9,93.7,87.6,62.7,52.6,28.7,33.0,85.1,82.3,139.7,59.2,66.0,69.9,18.3,36.6,41.9,33.8,56.1,63.5,48.3,31.0,96.0,32.3,74.7,80.5,57.2,65.3,60.5,15.7,21.3,36.3,45.2,103.9,61.5
1984,71.6,110.5,35.1,50.8,67.3,,99.1,77.5,88.9,130.8,48.8,16.8,77.7,50.8,85.9,46.2,33.5,34.5,26.9,24.6,26.7,53.6,61.5,62.5,34.0,42.2,27.9,68.1,68.1,59.4,63.5,53.8,61.0,56.1,47.8,54.1,35.1,48.3,75.9,65.8,58.4,69.1,61.5,127.0,50.5,40.1,,35.6,57.2,78.7,88.1,49.5,,8.9,20.3,30.5,33.0,61.0,63.8,35.3,51.6,73.9,64.5,28.4,54.6,36.1,101.1,82.6,78.2,32.0,47.8,30.2,63.0,35.6,140.0,70.4,63.5,80.0,73.7,55.4,45.7,50.8,86.4,48.3,83.8,59.9,53.8,82.6,114.8,16.5,36.8,38.1,23.1,61.2,59.4,44.5,85.1,63.8,76.7,71.4,70.4,54.1,54.4,43.9,11.4,58.2,33.5,46.5,,40.6
1985,57.4,57.9,31.5,53.6,171.2,103.9,91.7,104.1,61.5,196.9,40.4,6.1,152.4,29.7,106.2,33.5,53.1,22.6,29.0,20.3,54.6,49.5,68.8,69.9,30.7,20.1,47.0,73.7,71.1,,54.6,53.3,118.9,29.2,44.7,55.9,49.3,85.1,94.5,40.1,89.4,65.3,44.2,154.9,59.2,40.6,,48.8,61.7,81.3,120.1,63.0,71.9,34.0,52.1,25.4,34.8,64.8,41.9,29.2,103.6,182.9,65.8,29.7,27.9,52.1,73.7,95.3,147.8,72.6,127.0,41.9,74.7,86.1,84.1,52.1,53.3,108.7,121.7,81.3,55.9,53.3,19.1,76.2,92.7,73.7,92.7,66.5,57.2,27.4,28.4,20.1,21.8,46.2,110.7,83.3,52.1,66.0,96.0,49.3,91.9,51.8,56.6,64.5,19.8,19.1,36.1,46.2,,66.5
1986,145.3,75.4,40.6,41.9,83.8,60.5,72.1,116.1,85.6,81.3,67.8,5.3,167.6,85.6,121.2,43.2,55.9,22.4,30.5,24.6,26.7,62.2,85.9,106.7,39.1,19.1,44.5,46.7,57.2,66.0,65.3,56.9,109.2,108.2,53.3,112.5,47.8,120.7,104.1,81.3,50.5,102.1,46.5,103.6,164.1,69.9,90.9,58.2,77.2,57.2,59.4,138.7,63.5,29.2,39.4,23.6,,54.9,40.1,45.7,47.8,101.6,127.3,33.0,39.6,76.7,66.0,39.9,41.4,50.0,58.4,67.1,94.0,200.2,114.3,92.7,101.9,51.8,50.0,72.6,73.7,132.1,34.8,62.2,161.3,224.8,87.1,87.6,105.9,30.0,47.8,20.3,19.6,97.8,88.9,48.3,47.5,103.4,81.5,78.0,58.2,33.3,55.9,45.2,23.1,14.7,17.3,42.4,,63.8
1987,55.9,52.8,55.9,46.5,146.1,124.2,69.3,127.0,57.2,88.9,55.9,17.5,128.8,35.6,126.5,15.7,46.2,13.5,31.8,13.5,26.4,88.9,66.5,68.6,23.4,23.4,20.6,56.9,47.0,80.0,53.3,50.3,58.4,72.1,93.7,64.3,74.4,65.3,52.8,77.5,88.9,45.7,68.6,82.6,37.6,61.5,41.9,42.2,57.4,64.8,102.9,50.0,70.1,67.8,23.6,26.9,,76.2,61.0,30.7,38.6,76.2,46.0,19.3,31.8,89.7,99.1,66.0,81.8,48.3,39.1,35.6,78.5,92.7,201.7,191.3,84.3,110.2,118.6,41.9,55.9,53.3,27.2,50.8,63.5,94.0,133.4,,48.5,17.8,32.3,22.1,17.8,49.0,53.3,21.6,38.4,31.5,46.2,36.3,91.4,43.2,29.0,35.8,17.5,15.2,19.6,53.8,,35.6
1988,96.5,89.9,50.8,58.4,86.4,62.5,61.0,81.3,104.1,67.3,42.9,37.3,65.3,45.2,127.3,18.3,56.6,24.6,37.1,17.0,20.8,125.7,66.8,53.3,40.4,23.9,36.3,67.6,56.4,45.0,41.7,62.2,43.9,56.1,105.4,75.2,81.3,30.7,63.0,35.8,43.9,52.3,70.1,136.1,71.4,52.3,38.1,49.0,57.2,59.2,103.9,83.8,47.5,23.6,88.9,127.0,127.0,71.1,59.7,36.1,55.6,57.2,50.8,31.8,55.9,54.6,61.2,36.8,105.4,30.7,55.9,52.3,72.1,97.8,88.9,70.1,57.7,94.5,47.0,50.8,83.8,29.2,65.3,68.6,54.6,73.7,99.1,19.3,68.6,25.9,45.0,11.7,21.3,85.1,67.8,37.6,33.8,40.1,58.4,49.8,64.0,70.1,33.0,33.0,18.3,37.1,33.0,33.5,,49.5
1989,80.8,80.0,38.1,38.6,91.9,96.0,85.3,121.9,64.3,77.5,62.0,0.0,93.7,40.9,62.7,22.1,66.0,17.0,27.9,26.7,53.3,82.8,101.9,102.9,35.3,20.8,45.0,86.1,76.2,91.4,63.0,78.5,56.4,61.0,55.1,65.8,,42.7,65.0,55.4,74.2,71.1,80.0,101.6,61.0,113.8,38.9,65.3,60.5,62.2,68.8,85.1,58.4,25.1,30.0,29.5,45.7,87.6,44.5,29.2,71.9,105.4,80.8,29.7,27.9,66.0,59.7,54.6,74.2,19.3,50.8,41.1,101.6,68.6,64.8,53.8,97.8,59.7,75.2,85.6,67.3,36.6,66.8,48.3,229.1,66.0,90.7,51.6,71.1,19.6,36.3,15.5,36.8,47.2,48.0,42.7,73.2,38.6,33.5,91.2,143.8,41.9,52.1,39.9,15.0,19.1,17.8,22.4,56.6,60.5
1990,284.5,114.3,43.2,41.9,98.3,121.4,107.7,121.2,104.4,122.4,53.6,9.4,80.0,58.9,91.2,22.1,45.7,27.4,31.2,26.7,42.7,74.2,73.7,186.7,33.0,20.8,32.8,83.1,102.1,73.9,158.8,56.6,77.7,73.2,66.0,84.1,40.1,47.5,71.1,56.4,99.1,51.1,65.5,180.3,50.3,56.4,36.8,39.4,47.5,84.1,214.6,104.1,120.1,23.1,24.1,29.0,16.3,71.1,96.8,47.0,32.8,114.3,57.9,19.1,45.2,33.8,83.8,83.8,88.9,39.4,61.0,75.7,62.2,60.7,101.9,78.7,66.0,75.2,91.9,82.6,47.0,48.3,26.7,88.9,128.3,51.3,103.6,124.5,66.0,15.2,27.7,25.4,27.9,66.0,50.0,90.2,55.1,63.0,95.3,47.8,144.3,39.6,124.5,36.1,14.7,18.0,21.6,33.8,130.6,44.5
1991,87.9,80.0,43.2,36.1,110.0,,94.2,112.3,51.3,91.4,43.7,13.2,96.5,87.6,111.0,21.1,41.9,25.4,21.3,22.6,44.5,78.7,123.2,58.4,35.6,33.5,45.7,67.6,79.0,53.1,56.6,52.1,36.8,50.8,134.6,68.6,59.4,77.0,50.8,77.2,32.8,52.6,52.6,170.2,41.7,38.1,54.6,84.3,59.7,48.3,123.4,51.1,89.7,43.9,26.2,40.6,46.0,36.1,38.1,55.9,30.0,41.9,78.7,29.2,43.9,42.2,56.9,81.3,70.9,37.6,97.0,34.8,57.2,54.6,73.7,73.7,62.2,69.1,60.2,78.7,35.6,99.1,46.5,68.8,163.3,140.5,60.2,127.8,120.7,32.8,49.3,24.1,14.7,57.2,65.5,45.7,52.6,58.7,38.4,32.0,86.4,30.2,24.6,34.3,40.1,35.8,,50.0,113.8,36.8
1992,76.5,51.8,52.3,67.8,133.4,101.6,104.1,70.9,96.5,67.1,48.5,13.5,116.8,83.8,133.9,37.6,39.4,23.1,20.6,38.1,33.5,84.6,75.2,82.0,28.7,23.6,28.4,64.3,50.8,133.1,59.9,63.5,71.6,52.3,91.4,107.7,35.6,87.1,76.2,106.7,66.3,52.1,74.4,132.1,48.3,53.8,46.2,35.1,47.0,50.8,182.9,80.0,62.7,41.9,45.7,63.5,33.5,39.4,60.5,44.7,45.2,50.8,50.0,39.4,50.5,48.8,53.3,69.6,108.5,45.7,44.7,69.3,62.2,94.0,96.8,86.4,57.2,62.5,58.2,,78.7,39.4,33.5,50.8,66.3,48.3,93.5,127.0,76.5,21.3,44.2,25.7,32.0,43.4,35.6,27.9,47.5,57.7,63.5,46.5,97.0,44.2,63.0,63.5,26.9,31.8,23.1,50.5,72.1,50.5
1993,152.9,77.5,53.3,53.3,93.0,127.0,113.0,111.3,72.4,102.9,65.3,14.0,175.3,112.0,146.8,44.2,49.8,47.0,29.0,,37.6,80.8,60.5,100.3,31.2,26.4,33.3,80.5,57.7,56.4,55.9,88.4,71.1,77.2,57.2,78.7,54.4,,127.5,67.6,69.3,128.8,41.1,145.8,46.5,51.1,45.7,29.2,44.7,50.8,104.4,70.1,112.5,70.9,39.4,55.1,51.1,63.5,51.3,60.5,43.2,68.6,58.9,32.5,50.8,63.5,96.0,53.6,58.4,108.0,57.2,45.2,88.4,115.8,101.6,94.0,51.3,76.7,99.1,72.9,40.6,30.5,33.0,62.7,58.2,60.5,145.8,160.0,54.6,19.3,34.3,21.8,25.1,62.5,54.6,59.7,59.7,65.0,45.7,68.8,91.4,31.5,63.0,49.5,29.2,9.9,22.9,43.2,106.9,59.2
1994,203.2,82.6,32.3,69.1,63.5,127.0,121.9,60.7,76.2,71.1,51.8,3.3,202.2,54.1,63.2,23.1,33.0,13.2,29.0,38.1,34.5,55.9,110.0,109.0,27.2,16.0,40.6,82.8,77.0,175.8,64.3,45.5,44.2,46.5,57.2,61.2,59.2,,82.0,25.7,39.4,53.3,41.9,66.0,56.6,34.3,62.2,41.9,59.7,62.5,146.8,191.0,77.5,72.1,25.4,44.5,29.2,55.4,47.0,52.3,42.4,54.9,50.8,32.0,46.7,45.7,76.2,108.0,54.1,49.8,53.1,41.1,46.5,74.9,105.7,90.2,76.2,67.6,77.0,56.9,50.0,45.7,33.5,55.6,72.9,44.5,127.8,72.9,69.9,24.1,35.6,15.0,33.8,47.8,65.3,43.2,57.7,73.9,57.2,47.8,180.6,42.4,64.0,140.7,18.3,16.0,27.2,38.1,63.0,43.7
1995,144.8,158.2,51.3,37.3,55.9,102.4,81.0,52.8,102.9,79.2,127.5,15.7,196.3,180.3,221.2,38.6,49.5,24.9,33.0,22.9,31.8,87.6,99.1,76.5,34.5,24.6,106.7,51.8,45.7,64.8,74.2,64.5,109.2,55.6,114.3,62.0,48.3,,119.6,61.0,71.1,61.0,59.2,222.3,37.6,40.6,55.9,63.5,73.7,67.1,94.7,162.8,139.2,28.7,41.4,25.9,34.8,40.6,68.1,31.2,41.4,31.5,51.1,12.2,54.9,62.2,113.5,72.4,125.2,48.8,113.0,79.8,94.0,62.2,69.3,67.3,105.4,80.0,72.1,66.8,63.5,53.3,51.8,91.4,85.6,190.5,58.9,68.6,67.6,43.9,35.3,25.9,16.3,44.5,74.7,68.8,69.1,44.5,81.5,58.4,146.1,44.7,45.2,91.7,33.5,21.6,33.8,,61.0,72.6
1996,81.3,95.3,38.1,59.4,64.8,103.6,90.2,84.8,63.8,130.0,51.1,10.2,129.5,88.9,166.6,37.3,47.5,,48.8,26.7,41.4,80.8,117.9,85.1,49.3,15.5,50.8,,118.6,122.9,117.3,86.4,74.4,82.6,155.2,78.5,67.8,,142.5,92.2,100.1,52.8,53.6,141.7,72.4,50.3,58.4,90.4,39.9,50.8,146.3,146.8,86.6,39.4,24.9,45.7,26.7,68.6,87.9,56.1,52.6,48.8,60.7,30.0,59.7,69.3,96.0,89.7,152.4,41.4,104.4,60.2,50.3,66.5,96.3,143.5,106.2,85.1,63.5,87.4,88.9,40.6,43.2,52.8,77.0,114.0,64.3,33.0,71.1,17.8,44.2,19.6,54.4,91.2,119.4,51.6,39.6,91.7,,36.6,73.4,37.8,37.3,70.4,32.3,21.1,24.1,,80.3,59.9
1997,139.7,94.0,25.7,48.5,91.4,95.3,152.4,129.5,110.5,103.1,88.9,28.2,78.7,110.7,125.7,31.5,41.9,21.8,38.6,22.9,29.7,95.3,103.9,67.3,40.4,17.3,36.3,,53.3,74.9,66.0,120.7,81.3,44.7,63.5,,39.9,,52.3,74.9,61.0,33.0,118.6,115.1,44.2,53.3,30.5,42.7,30.5,95.0,109.5,66.0,58.2,41.4,40.1,44.7,93.2,54.6,41.9,54.1,50.8,64.3,46.7,52.6,55.1,32.0,48.3,46.0,54.1,40.4,182.9,54.6,101.1,99.1,75.2,73.7,90.2,49.5,53.3,47.8,72.1,80.0,55.9,87.6,84.6,54.1,64.0,84.3,144.3,23.4,38.1,27.9,19.6,52.8,99.1,29.5,71.1,133.4,47.5,70.1,74.9,31.0,42.7,41.7,14.5,16.8,30.0,,63.0,34.8
1998,132.1,66.0,48.0,70.6,48.5,100.6,114.3,103.6,53.3,120.1,62.2,25.1,73.9,110.0,176.5,25.7,33.8,25.4,24.9,24.4,32.3,147.3,94.0,86.6,48.5,17.3,50.0,,77.5,74.7,97.8,64.3,105.9,61.0,57.7,71.9,83.3,71.4,88.1,94.5,67.6,77.5,61.0,172.0,50.3,70.9,57.2,62.2,69.9,52.1,121.9,191.3,58.9,35.8,34.3,28.4,,44.5,50.8,71.1,34.3,62.2,38.1,23.6,101.6,,55.4,104.1,118.1,50.8,80.0,45.0,68.8,144.8,125.5,110.5,89.7,73.9,43.9,39.1,132.1,59.9,32.0,42.7,111.5,50.8,90.7,107.4,122.4,31.2,37.1,44.2,22.9,51.3,61.0,35.1,54.4,55.4,69.1,57.2,65.8,32.8,48.3,74.4,22.6,26.7,33.3,31.5,58.2,53.8
1999,110.5,103.4,30.7,64.3,109.2,80.3,94.0,113.3,132.6,78.2,54.6,5.3,90.7,48.3,94.2,28.7,42.4,22.9,26.7,20.8,43.4,74.4,69.9,66.3,42.9,16.3,61.2,69.9,55.9,85.3,61.7,89.2,95.0,81.0,74.2,56.9,43.9,66.0,75.9,48.3,83.8,51.1,72.1,72.4,42.9,50.8,79.0,67.8,74.9,69.6,124.5,81.3,46.5,17.0,21.6,16.8,28.7,50.8,43.4,54.9,74.9,57.7,51.1,32.5,28.7,,184.9,53.3,89.9,66.0,49.8,35.3,133.4,53.3,62.2,88.1,77.0,155.7,127.8,,72.4,44.2,63.8,43.9,39.9,46.2,42.4,76.2,51.3,40.6,33.5,28.7,19.1,72.4,79.0,40.6,67.6,99.3,56.1,65.0,167.6,26.7,38.1,42.4,19.8,11.7,16.0,43.2,43.7,41.4
2000,68.6,63.5,48.5,119.1,99.1,101.6,104.1,96.5,54.4,55.9,43.4,7.4,98.8,67.8,108.2,20.3,30.5,,42.9,19.8,48.3,66.3,66.8,49.5,47.8,11.4,51.8,133.4,73.9,138.7,43.9,73.7,53.3,33.5,76.2,101.6,67.8,59.9,52.8,34.5,55.9,61.0,77.7,137.2,72.9,55.9,51.3,53.8,63.5,33.8,80.0,59.7,65.0,34.3,24.1,36.6,,47.0,79.5,70.1,38.6,73.2,95.3,35.3,69.1,,77.7,38.1,59.2,44.7,72.4,52.1,68.6,40.6,81.0,78.0,63.5,88.6,65.8,61.0,44.5,46.0,40.6,153.7,116.1,103.4,52.3,91.4,124.7,19.8,54.9,33.0,25.4,174.0,63.8,63.5,62.2,90.2,39.1,46.0,69.6,27.7,104.6,55.9,42.2,23.4,32.0,31.2,132.8,50.0
2001,134.6,101.6,33.5,56.1,201.7,203.2,61.0,83.8,76.7,126.0,50.8,14.7,96.3,106.2,106.4,33.5,35.1,,31.2,16.5,26.9,119.4,58.7,100.6,39.1,9.4,38.1,62.0,41.1,43.9,119.4,111.0,136.7,104.1,57.2,64.8,57.2,134.6,58.9,56.4,45.2,72.4,43.4,152.4,47.5,53.3,95.3,29.5,99.6,52.1,86.4,,68.6,27.4,59.2,49.5,50.8,45.7,63.2,30.0,45.7,73.9,50.0,,17.8,,52.8,61.0,53.8,112.8,44.5,45.0,68.8,82.6,55.9,55.1,101.6,74.9,61.5,40.1,63.5,74.7,32.3,32.0,53.1,36.8,,71.9,153.4,14.7,55.9,14.5,19.1,48.3,46.7,28.4,52.8,50.8,47.5,62.7,53.8,49.5,30.7,52.1,11.7,10.4,36.1,47.5,47.0,54.4
2002,58.4,109.2,19.3,52.8,104.1,89.7,107.7,76.7,88.9,57.2,71.1,5.1,139.7,124.2,150.9,18.8,41.9,,29.2,20.6,29.7,131.3,109.2,68.6,29.0,24.1,100.1,96.3,87.4,75.4,48.8,112.5,98.3,81.3,99.6,38.9,38.1,63.5,42.9,34.8,182.9,35.6,146.1,127.0,41.9,56.9,,58.9,120.9,85.1,168.7,51.6,65.0,31.2,36.8,33.8,43.2,30.5,54.6,21.8,39.4,53.3,47.0,,48.5,,66.0,54.4,86.9,35.8,52.8,47.8,62.2,68.6,85.9,89.7,81.3,44.2,82.6,52.1,35.1,33.8,34.0,120.4,85.6,59.4,,97.8,56.1,15.2,59.4,14.5,10.2,37.8,81.3,66.0,43.9,68.1,53.6,111.8,102.6,38.9,40.4,75.9,12.7,16.5,19.8,61.0,108.5,67.3
2003,76.2,144.8,58.4,48.8,100.6,92.7,76.2,133.4,106.7,120.1,63.5,23.4,129.5,40.9,96.8,18.5,33.5,,23.1,28.4,56.4,119.4,120.7,70.1,40.9,9.4,,54.1,87.6,59.7,55.1,63.5,99.1,81.3,50.8,68.6,35.8,66.0,78.7,40.9,86.4,54.9,53.8,77.5,45.0,74.9,44.5,55.4,67.3,94.0,101.6,74.2,55.9,19.6,14.7,33.5,24.1,32.0,73.7,33.0,43.7,85.9,38.1,22.9,24.9,,155.2,49.0,79.5,34.0,49.8,65.0,43.2,49.5,64.5,100.1,77.2,78.5,80.8,70.4,61.7,49.0,45.0,69.9,43.4,51.3,,88.9,45.7,25.4,31.2,21.8,15.2,120.7,41.7,40.6,66.3,68.6,44.2,47.2,77.0,53.6,44.5,54.6,17.5,31.2,17.3,45.7,62.5,45.7
2004,68.6,,51.1,38.1,79.8,127.0,126.7,89.2,57.2,69.3,60.2,31.8,152.7,118.1,114.6,27.4,52.1,,47.8,13.2,53.3,158.8,323.9,119.6,37.1,19.6,38.1,55.4,66.5,67.3,56.4,66.3,72.1,103.6,64.0,62.2,149.9,43.7,53.6,49.8,50.8,94.2,74.2,109.2,29.7,63.5,48.3,40.6,53.3,58.4,78.7,91.9,42.7,33.5,34.3,31.8,20.6,32.0,41.1,54.6,47.5,35.8,44.5,40.6,35.8,,91.4,117.1,66.5,44.2,58.9,81.0,70.9,64.8,63.0,65.8,53.3,106.2,86.4,130.3,71.9,73.2,18.8,56.6,97.8,52.8,88.9,166.6,58.7,19.8,58.4,29.5,36.8,53.3,121.4,51.6,91.2,63.5,34.0,37.6,63.2,38.4,42.4,66.3,28.4,24.1,25.1,50.8,70.6,61.5
2005,101.6,,23.6,27.4,94.0,147.6,96.0,117.3,55.9,90.2,63.2,25.1,186.4,143.0,85.1,23.1,49.0,,31.2,15.7,41.9,106.7,64.3,,35.8,22.4,24.6,56.9,59.7,35.8,38.6,70.1,48.8,57.2,144.3,50.8,48.3,64.8,61.5,105.4,74.4,104.9,94.2,88.4,90.4,33.0,64.3,71.1,79.8,64.5,226.3,76.2,73.7,28.7,22.4,32.0,36.1,79.8,61.0,,85.1,127.8,73.7,101.6,38.4,,232.4,81.0,49.5,36.3,67.6,70.9,95.8,73.7,75.2,61.5,76.5,101.6,158.8,106.7,94.0,68.6,24.4,82.8,52.1,38.1,71.1,39.9,53.3,18.8,55.9,21.3,20.3,48.5,46.2,40.6,64.5,48.3,111.8,40.9,79.8,64.3,42.2,54.6,9.7,30.5,18.8,29.7,40.1,91.7
2006,76.2,,27.9,,81.3,101.3,59.2,73.2,113.0,73.7,62.2,13.2,61.7,91.4,106.7,47.5,109.2,,26.7,15.5,,88.9,92.7,79.8,43.7,24.6,30.0,41.4,68.3,51.6,53.3,99.8,82.3,115.6,64.8,75.2,63.5,97.3,45.7,59.9,46.5,56.4,127.0,97.5,,45.5,57.2,41.1,29.7,48.5,91.7,35.1,50.8,23.9,28.7,50.3,40.6,52.8,81.3,45.2,54.1,83.3,48.3,25.4,139.7,,70.6,61.5,62.7,18.3,55.9,65.8,59.2,99.1,69.3,79.8,152.4,84.6,59.7,56.9,33.0,42.7,11.7,95.0,92.7,57.9,104.4,47.5,96.0,38.4,41.9,28.2,17.8,59.9,53.8,79.0,58.7,50.0,38.6,42.4,83.3,130.0,39.6,58.9,15.2,15.5,24.4,28.7,52.8,53.8
2007,,109.2,81.5,39.9,50.3,148.6,98.8,82.3,69.9,80.0,54.1,16.0,76.5,52.8,75.7,41.7,44.5,,35.8,40.6,53.8,69.1,90.4,76.2,64.3,28.4,43.4,45.2,63.0,49.3,57.7,59.9,78.0,86.1,94.0,58.2,35.6,119.6,103.1,56.9,72.1,144.8,58.4,112.5,35.1,88.9,38.1,34.5,44.5,68.6,78.5,115.6,40.6,47.8,,110.2,74.2,87.6,106.7,40.9,102.1,79.2,50.8,21.6,26.7,,122.4,68.1,65.5,66.0,60.5,77.7,54.6,81.3,66.0,86.6,51.3,58.4,82.0,101.1,55.9,96.8,,121.9,106.7,47.5,78.7,89.9,96.5,15.5,76.5,21.6,20.3,127.0,50.8,53.3,87.6,72.6,34.5,63.5,180.8,52.6,38.4,32.3,27.4,17.8,27.9,44.7,98.3,39.1
2008,,,39.6,63.2,83.8,188.5,161.5,172.7,66.5,160.5,45.5,11.2,95.8,30.7,125.7,25.9,54.1,,36.6,18.5,52.1,81.3,113.0,86.4,35.3,15.2,63.5,144.8,84.6,108.0,76.2,84.8,52.8,68.1,67.1,65.3,50.3,53.8,74.9,68.8,40.9,80.3,76.2,74.9,51.3,95.8,54.1,58.7,49.8,69.9,98.6,103.1,87.6,23.4,,47.8,63.2,71.4,75.7,52.3,55.4,67.8,96.5,27.9,29.5,34.0,96.0,123.4,156.2,36.8,95.3,59.4,57.4,121.9,86.4,86.4,76.2,76.7,70.1,69.6,41.1,30.2,,42.7,73.7,88.9,57.2,86.4,60.5,22.4,,19.3,19.1,62.2,57.4,30.2,75.7,72.4,53.8,31.8,91.7,39.1,43.2,81.0,17.0,32.0,22.6,32.5,64.0,46.0
2009,,109.7,21.8,47.0,129.5,158.0,119.4,138.4,63.2,101.6,50.5,24.4,156.0,50.3,77.5,21.3,56.4,,30.0,15.2,31.5,94.0,92.7,91.4,42.2,16.0,27.2,113.0,68.6,57.4,81.3,75.2,70.6,86.4,138.4,53.6,48.3,43.7,66.0,75.2,78.7,71.4,144.8,115.8,67.3,56.1,36.6,35.8,67.3,40.6,95.3,114.3,91.4,29.2,,33.3,21.1,54.6,141.0,24.9,55.1,63.5,54.6,,27.9,93.5,62.0,55.9,52.1,111.8,48.3,47.8,54.1,73.7,67.8,64.8,60.5,78.2,62.5,55.6,42.2,40.1,47.0,32.3,76.7,48.3,108.5,52.1,136.7,19.1,,23.6,14.0,57.2,45.7,38.6,61.2,43.9,34.5,43.4,93.0,41.4,29.2,63.0,23.4,17.8,38.6,30.5,84.3,24.6
2010,102.1,76.2,47.5,82.6,91.4,83.8,51.6,73.7,146.3,119.4,50.0,24.9,108.2,80.3,86.6,45.2,43.7,,27.7,31.8,34.5,55.9,90.7,119.4,48.8,15.5,45.7,77.2,122.2,93.5,43.2,70.9,83.8,57.2,158.8,83.3,26.9,83.8,54.4,139.7,143.5,79.2,65.3,69.3,54.1,83.8,60.2,48.8,47.0,47.0,77.2,79.2,57.2,23.9,,33.5,71.4,52.1,83.8,58.4,52.8,69.3,46.0,27.9,50.3,92.7,151.1,77.2,108.0,71.9,67.8,35.3,135.9,58.4,69.1,94.5,61.0,121.4,143.8,234.4,53.6,92.7,35.8,84.3,146.3,82.6,100.6,88.9,254.3,32.8,,19.3,14.0,55.6,90.7,45.0,111.5,91.2,66.0,98.6,81.5,56.4,75.7,31.5,18.3,29.0,14.0,65.3,105.2,86.6
2011,68.1,118.4,30.5,38.4,143.5,109.2,137.7,104.1,101.6,115.1,42.4,7.4,57.2,132.1,68.1,24.4,51.6,,24.6,12.4,,158.7,78.7,53.3,42.4,30.7,48.8,55.9,,74.4,51.8,,92.2,66.0,,72.4,46.0,52.1,65.3,75.4,56.9,146.3,120.1,124.5,50.8,41.9,64.8,41.9,54.6,43.7,126.5,59.4,,45.0,,,,47.5,,87.4,89.4,60.7,50.8,,,57.7,111.5,47.5,56.4,65.8,67.3,102.1,90.9,71.1,72.1,,78.7,176.3,,203.2,75.2,68.1,,71.9,58.4,42.7,86.6,48.3,88.1,28.4,40.4,23.6,15.2,63.5,50.8,39.4,33.5,84.8,44.4,75.9,124.5,47.5,57.2,31.5,23.6,26.7,27.2,43.4,89.9,46.0
2012,83.1,90.4,45.7,54.6,71.4,69.9,94.0,154.9,87.6,84.3,96.5,12.4,105.9,48.0,127.0,15.5,41.9,,30.0,14.2,27.4,99.6,104.6,68.6,34.0,18.0,50.3,73.2,,52.1,55.9,45.2,49.8,72.1,37.3,49.5,60.2,54.6,40.1,,91.9,76.2,68.6,132.3,79.0,46.7,44.5,37.6,106.7,50.3,209.6,,,31.2,31.7,,44.7,51.6,74.4,45.0,45.0,44.2,39.6,,,38.1,58.7,57.1,80.5,43.9,67.3,70.4,63.0,61.0,133.3,161.3,86.9,110.5,,80.0,29.2,54.4,,58.7,101.6,31.5,115.1,63.5,110.5,29.0,33.0,36.6,21.6,80.0,81.8,72.9,47.5,39.1,45.2,49.3,53.8,45.7,51.3,37.3,8.1,26.2,10.4,20.1,57.4,33.8
2013,80.8,55.9,48.3,76.2,102.6,191.8,,105.2,90.2,104.1,24.1,14.5,35.1,25.7,63.8,28.4,50.5,,33.0,34.3,31.0,78.2,89.9,137.2,,9.7,30.2,72.1,79.0,85.9,104.9,150.1,131.6,59.9,142.2,47.0,53.1,122.7,51.3,,124.5,81.3,120.7,222.3,94.2,57.2,50.8,39.1,62.2,43.7,127.3,,74.2,32.3,25.4,44.5,58.9,46.7,83.8,25.7,26.4,63.2,53.8,,,62.0,71.1,81.3,,48.8,,61.7,40.6,48.3,54.9,60.5,83.6,56.6,,92.7,36.6,48.0,,54.9,88.9,53.3,176.5,111.8,88.4,33.0,35.6,32.5,25.4,59.7,50.8,47.8,60.5,38.4,35.6,44.5,75.2,42.7,41.4,19.8,17.3,39.9,,49.8,43.2,52.3
2014,106.7,,54.4,78.7,59.4,105.4,75.2,52.1,44.5,76.2,87.6,14.5,181.1,80.3,154.7,44.2,44.2,,29.5,38.1,28.4,58.4,90.2,,,16.0,53.3,71.1,50.8,55.9,72.9,87.4,118.6,70.9,120.1,91.4,37.1,99.1,112.8,,90.2,78.7,82.3,82.0,40.1,51.3,63.5,53.3,56.6,123.2,111.8,53.3,77.0,41.9,50.8,43.9,108.0,52.8,128.3,53.3,50.3,97.3,40.6,19.6,,50.8,,60.2,92.7,32.3,,89.2,51.6,37.6,79.0,120.1,69.1,123.4,,59.2,33.0,57.7,,54.9,112.5,58.4,85.1,114.3,71.1,36.6,50.8,30.7,38.1,53.3,51.8,49.3,69.9,46.7,50.8,64.3,168.9,81.3,61.5,86.4,,14.7,,31.0,72.9,45.2
2015,172.2,,27.9,54.4,53.3,153.7,125.0,85.6,78.2,238.8,57.9,14.0,42.4,34.3,168.9,26.4,55.9,,17.5,28.7,27.9,63.5,86.4,73.2,,9.9,37.3,103.6,121.4,65.5,78.0,97.8,55.9,142.7,59.9,85.1,115.6,91.4,63.0,,42.7,82.3,89.9,144.8,46.7,42.4,48.3,36.3,49.0,69.6,149.4,104.1,127.0,37.6,22.9,39.6,64.5,56.4,67.1,60.2,80.3,88.4,50.0,,44.7,82.6,,68.6,76.2,17.8,,52.3,87.1,99.1,102.9,116.8,119.9,52.6,,50.8,44.5,71.6,,58.4,127.0,53.3,241.3,,190.5,20.8,50.8,23.1,22.9,61.0,35.6,45.5,49.3,44.5,60.7,82.0,74.7,36.6,63.5,33.0,13.0,51.6,,66.8,87.4,39.9
2016,68.6,,21.6,67.3,95.3,85.9,158.8,121.9,101.6,50.8,60.5,11.7,97.8,55.9,84.6,36.3,25.9,,31.8,22.9,19.3,114.8,54.1,121.9,,19.3,,82.6,67.6,65.5,67.3,75.2,74.2,69.1,109.5,35.6,38.4,55.4,74.9,77.5,81.8,64.3,73.7,208.3,36.1,66.8,44.2,40.1,120.7,68.1,49.8,96.5,64.3,26.7,30.5,50.8,81.3,97.8,95.0,105.4,130.3,70.9,74.4,,36.3,87.6,146.6,61.0,75.7,27.4,,89.7,79.8,133.4,99.1,112.0,89.2,59.9,,54.9,57.2,53.3,,59.7,73.7,98.8,153.4,63.5,62.2,41.7,50.8,19.1,30.5,41.1,49.5,58.9,100.8,39.6,39.4,65.8,227.1,63.8,37.3,33.3,17.0,9.9,,33.8,153.2,46.0
2017,83.3,,35.6,50.8,112.3,68.1,95.8,109.2,97.0,96.0,58.9,16.5,150.6,130.6,104.6,22.4,64.3,,36.1,19.1,23.9,210.3,59.7,86.4,,25.7,,63.2,66.8,67.3,66.0,49.0,68.6,38.4,35.1,45.2,34.3,64.5,119.4,57.4,49.5,76.2,81.3,148.8,102.1,32.5,74.7,105.9,58.9,84.1,63.5,93.5,88.9,14.2,33.0,27.4,25.7,54.9,65.8,53.8,43.7,108.0,64.5,,29.2,69.3,80.8,82.6,76.2,35.1,,59.7,75.4,167.6,83.6,93.2,100.3,61.2,,47.5,54.9,62.7,,127.0,74.9,63.0,80.8,71.1,159.3,16.5,41.1,19.3,29.7,44.5,62.5,56.9,71.1,53.6,37.6,75.7,167.9,40.1,34.5,46.5,21.1,16.5,,44.7,51.3,48.3
2018,121.2,,71.1,35.1,71.1,109.2,99.8,91.4,76.2,150.1,44.7,10.2,83.1,55.6,102.4,36.8,38.9,,45.7,23.4,15.7,90.9,83.6,169.4,,20.3,,98.0,63.5,51.6,78.7,98.8,124.5,58.4,63.2,170.9,54.6,94.7,49.8,64.8,76.7,,108.5,131.6,59.2,74.4,57.9,41.4,66.5,35.8,208.8,86.9,53.8,29.7,,49.0,29.5,52.3,121.9,50.5,94.2,76.2,49.3,,33.0,35.6,79.0,131.3,154.9,50.8,,63.8,111.5,63.0,91.7,45.0,57.2,77.7,,75.9,50.8,33.3,,97.5,132.1,41.7,79.0,94.0,83.8,26.2,46.7,10.2,21.8,49.5,74.4,47.8,61.7,105.2,68.6,63.5,79.5,86.6,73.2,80.0,15.5,10.7,,43.4,69.6,84.1
2019,60.2,,49.5,61.5,66.5,128.5,64.5,109.2,78.0,,69.1,21.3,118.1,57.4,182.9,24.9,108.7,,40.4,18.3,32.5,77.7,55.9,72.4,,10.9,31.2,127.8,53.3,59.7,101.6,73.7,69.6,59.9,47.0,69.6,54.6,63.5,166.9,58.9,70.9,113.0,82.6,152.9,26.9,64.3,56.4,44.7,87.9,48.5,,69.1,133.4,94.7,38.1,43.7,160.0,112.5,39.4,47.5,19.1,69.6,50.8,49.8,55.9,41.9,93.0,76.2,61.5,38.4,54.1,50.0,105.9,156.0,120.7,101.6,101.6,53.1,138.9,115.1,109.2,46.2,80.5,74.9,78.7,62.7,74.4,,81.8,25.7,45.7,15.0,20.3,74.2,52.3,63.5,77.7,62.7,50.8,55.4,115.1,51.1,58.9,63.2,16.0,8.1,,43.7,68.8,57.2
2020,292.1,88.1,30.5,42.9,86.1,141.7,111.8,133.4,72.4,83.1,63.5,4.8,38.6,63.0,34.8,24.1,46.2,,20.3,27.9,42.4,60.7,86.9,172.7,,15.7,,,73.7,55.1,50.8,84.1,50.8,35.8,52.3,59.7,41.7,53.3,103.4,133.6,55.9,73.4,73.7,73.9,58.4,48.3,53.6,94.2,85.1,49.8,118.6,74.7,68.6,28.7,24.1,30.2,27.2,47.8,29.7,31.2,42.7,58.2,49.8,22.9,25.4,46.7,,81.3,66.3,19.1,70.1,95.3,55.6,53.3,,42.7,74.9,148.3,116.1,142.2,74.9,71.1,,87.6,111.8,60.5,109.2,,60.7,23.6,24.4,19.8,32.5,71.4,46.0,45.2,56.9,59.4,105.4,72.1,82.0,71.1,74.7,31.5,8.4,13.7,,24.1,74.9,33.5
2021,67.3,70.9,45.7,26.7,98.3,75.7,64.8,77.0,64.0,59.2,105.4,15.7,281.7,90.2,82.0,32.5,,,50.0,38.6,35.8,95.0,184.2,101.6,,19.8,,,44.5,54.9,75.2,78.7,70.1,65.0,42.7,40.6,60.2,78.7,127.3,43.4,44.5,118.6,62.0,,34.3,63.5,37.1,48.8,49.3,35.8,117.9,65.5,,22.4,,25.4,22.4,63.0,83.8,59.7,66.8,109.7,53.8,49.5,30.5,84.8,114.3,64.0,83.8,42.4,72.4,57.2,,57.2,,57.4,104.4,159.3,,50.8,39.1,62.7,32.3,45.0,66.8,58.9,60.7,95.3,53.6,30.7,47.8,35.6,17.3,71.6,79.8,30.7,42.4,87.4,74.9,84.8,169.2,27.2,86.9,102.1,14.5,15.0,,32.8,114.8,34.5
2022,67.3,76.2,38.1,42.9,98.0,111.3,100.3,84.1,75.7,75.7,48.3,43.2,119.6,58.4,55.9,22.6,,,25.1,16.5,32.5,141.2,74.4,106.2,,15.2,,,63.5,57.4,30.5,62.7,58.9,70.1,31.2,76.2,84.3,51.1,56.4,49.8,76.7,74.9,50.8,,36.8,106.7,82.6,50.8,57.2,43.4,82.0,55.4,,47.0,38.1,40.9,29.7,36.3,,49.8,,76.2,30.2,,31.8,52.3,71.1,55.9,,49.5,59.7,65.5,,71.9,56.1,71.6,116.8,,56.1,91.9,91.7,52.3,40.6,47.2,47.0,29.2,97.0,31.8,80.5,14.0,30.7,29.0,26.9,55.9,55.9,37.3,96.5,81.5,59.7,50.8,94.5,34.0,45.5,138.7,14.2,14.5,,26.2,66.8,65.0
2023,63.5,67.1,67.3,30.5,137.2,115.3,103.6,83.8,83.8,80.5,,55.9,98.3,148.8,149.9,30.2,,,51.6,19.8,23.9,76.7,59.2,,,,,,45.7,63.5,82.6,83.8,128.8,39.1,95.3,62.2,66.3,61.0,105.4,39.9,52.1,69.9,59.4,,54.6,57.7,35.6,34.3,46.5,64.3,75.7,78.2,,20.8,,53.3,40.9,47.0,,36.8,,83.8,88.4,,30.5,54.4,241.3,88.9,,88.9,41.7,59.4,,57.7,159.5,71.1,139.7,95.3,86.9,64.8,84.3,33.5,47.2,69.1,109.2,52.1,64.8,100.1,103.1,18.3,49.0,24.1,26.9,55.9,59.7,54.4,54.4,71.6,34.3,59.7,80.3,59.4,39.9,35.6,37.8,35.6,,49.3,66.3,55.6
2024,114.3,,27.9,27.4,69.9,147.6,64.5,78.7,64.3,70.1,152.4,15.5,155.4,110.5,143.8,32.0,,26.9,44.5,43.7,,148.6,188.7,,37.8,,35.6,,91.4,53.3,77.2,68.6,46.0,53.6,43.2,63.0,29.5,67.3,,61.5,75.7,47.2,50.8,,40.6,76.2,102.9,43.9,52.1,62.5,76.7,81.0,,53.6,,41.9,79.0,51.1,48.8,33.3,42.7,47.8,48.0,,21.8,39.1,104.1,147.3,,71.9,40.6,48.8,,67.8,61.0,60.2,70.9,79.5,57.2,58.7,52.1,,23.6,66.3,78.7,68.6,82.0,,185.4,11.2,31.5,19.1,19.8,58.4,41.9,57.2,54.4,49.3,56.1,65.8,169.7,71.4,48.5,75.4,17.8,13.7,15.7,49.0,57.9,82.3
2025,97.0,,41.7,50.8,,90.2,160.3,109.2,128.3,64.3,,16.5,136.1,114.6,155.7,18.5,,17.8,32.8,38.1,58.7,63.0,45.7,,50.8,34.0,44.5,,66.0,148.8,50.8,96.5,69.3,76.2,56.9,36.3,29.0,115.6,122.4,84.3,77.7,52.8,63.5,,32.5,48.3,56.6,45.2,57.2,54.9,,43.7,,24.4,,43.7,29.2,45.7,82.0,65.3,127.3,,43.2,,22.4,61.5,,54.6,,57.9,61.0,47.5,,62.7,,106.7,54.6,,59.4,43.4,35.8,,49.5,56.1,83.8,44.2,92.2,52.1,91.7,21.1,38.1,17.8,19.8,43.2,,,51.3,218.9,46.2,52.1,71.4,37.1,39.4,73.4,17.5,21.3,17.8,36.1,75.9,32.3
